arquivo,tipo,classe,nome,rank_cc,complexity,linha_ini,linha_fim
cleanlab/classification.py,method,CleanLearning,clf,A,1,287,288
cleanlab/classification.py,method,CleanLearning,clf,A,1,291,292
cleanlab/classification.py,method,CleanLearning,seed,A,1,295,296
cleanlab/classification.py,method,CleanLearning,seed,A,1,299,300
cleanlab/classification.py,method,CleanLearning,cv_n_folds,A,1,303,304
cleanlab/classification.py,method,CleanLearning,cv_n_folds,A,1,307,308
cleanlab/classification.py,method,CleanLearning,converge_latent_estimates,A,1,311,312
cleanlab/classification.py,method,CleanLearning,converge_latent_estimates,A,1,315,316
cleanlab/classification.py,method,CleanLearning,pulearning,A,1,319,320
cleanlab/classification.py,method,CleanLearning,pulearning,A,1,323,324
cleanlab/classification.py,method,CleanLearning,find_label_issues_kwargs,A,1,327,328
cleanlab/classification.py,method,CleanLearning,find_label_issues_kwargs,A,1,331,332
cleanlab/classification.py,method,CleanLearning,label_quality_scores_kwargs,A,1,335,336
cleanlab/classification.py,method,CleanLearning,label_quality_scores_kwargs,A,1,339,340
cleanlab/classification.py,method,CleanLearning,verbose,A,1,343,344
cleanlab/classification.py,method,CleanLearning,verbose,A,1,347,348
cleanlab/classification.py,method,CleanLearning,low_memory,A,1,351,352
cleanlab/classification.py,method,CleanLearning,low_memory,A,1,355,356
cleanlab/classification.py,method,CleanLearning,label_issues_df,A,1,359,360
cleanlab/classification.py,method,CleanLearning,label_issues_df,A,1,363,364
cleanlab/classification.py,method,CleanLearning,label_issues_mask,A,1,367,368
cleanlab/classification.py,method,CleanLearning,label_issues_mask,A,1,371,372
cleanlab/classification.py,method,CleanLearning,sample_weight,A,1,375,376
cleanlab/classification.py,method,CleanLearning,sample_weight,A,1,379,380
cleanlab/classification.py,method,CleanLearning,confident_joint,A,1,383,384
cleanlab/classification.py,method,CleanLearning,confident_joint,A,1,387,388
cleanlab/classification.py,method,CleanLearning,py,A,1,391,392
cleanlab/classification.py,method,CleanLearning,py,A,1,395,396
cleanlab/classification.py,method,CleanLearning,ps,A,1,399,400
cleanlab/classification.py,method,CleanLearning,ps,A,1,403,404
cleanlab/classification.py,method,CleanLearning,num_classes,A,1,407,408
cleanlab/classification.py,method,CleanLearning,num_classes,A,1,411,412
cleanlab/classification.py,method,CleanLearning,noise_matrix,A,1,415,416
cleanlab/classification.py,method,CleanLearning,noise_matrix,A,1,419,420
cleanlab/classification.py,method,CleanLearning,inverse_noise_matrix,A,1,423,424
cleanlab/classification.py,method,CleanLearning,inverse_noise_matrix,A,1,427,428
cleanlab/classification.py,method,CleanLearning,clf_kwargs,A,1,431,432
cleanlab/classification.py,method,CleanLearning,clf_kwargs,A,1,435,436
cleanlab/classification.py,method,CleanLearning,clf_final_kwargs,A,1,439,440
cleanlab/classification.py,method,CleanLearning,clf_final_kwargs,A,1,443,444
cleanlab/count.py,function,,_num_label_issues_multilabel,A,1,176,208
cleanlab/count.py,function,,_reduce_issues,A,1,211,218
cleanlab/count.py,function,,estimate_py_noise_matrices_and_cv_pred_proba,A,1,1069,1177
cleanlab/count.py,function,,estimate_cv_predicted_probabilities,A,1,1180,1243
cleanlab/count.py,function,,estimate_noise_matrices,A,1,1246,1328
cleanlab/filter.py,function,,_keep_at_least_n_per_class,A,1,636,701
cleanlab/filter.py,function,,_reduce_prune_counts,A,1,704,732
cleanlab/filter.py,function,,_init,A,1,875,895
cleanlab/filter.py,function,,_get_shared_data,A,1,898,921
cleanlab/multiannotator.py,function,,convert_long_to_wide_dataset,A,1,1303,1330
cleanlab/multiannotator.py,function,,_get_annotator_label_quality_score,A,1,1940,1959
cleanlab/multiannotator.py,function,,_get_annotator_worst_class,A,1,2079,2111
cleanlab/outlier.py,method,OutOfDistribution,fit,A,1,174,221
cleanlab/rank.py,function,,get_label_quality_scores,A,1,33,116
cleanlab/rank.py,function,,get_self_confidence_for_each_label,A,1,519,551
cleanlab/rank.py,function,,get_normalized_margin_for_each_label,A,1,554,597
cleanlab/rank.py,function,,get_confidence_weighted_entropy_for_each_label,A,1,600,637
cleanlab/__init__.py,method,DatalabUnavailable,__init__,A,1,18,19
cleanlab/__init__.py,method,DatalabUnavailable,__getattr__,A,1,21,23
cleanlab/__init__.py,method,DatalabUnavailable,__call__,A,1,25,29
cleanlab/datalab/datalab.py,method,Datalab,__init__,A,1,100,119
cleanlab/datalab/datalab.py,method,Datalab,__repr__,A,1,122,123
cleanlab/datalab/datalab.py,method,Datalab,__str__,A,1,125,126
cleanlab/datalab/datalab.py,method,Datalab,labels,A,1,129,131
cleanlab/datalab/datalab.py,method,Datalab,data,A,1,134,135
cleanlab/datalab/datalab.py,method,Datalab,data,A,1,138,140
cleanlab/datalab/datalab.py,method,Datalab,label_name,A,1,143,144
cleanlab/datalab/datalab.py,method,Datalab,label_map,A,1,147,148
cleanlab/datalab/datalab.py,method,Datalab,_label_map,A,1,151,152
cleanlab/datalab/datalab.py,method,Datalab,_data_hash,A,1,155,156
cleanlab/datalab/datalab.py,method,Datalab,cleanlab_version,A,1,159,160
cleanlab/datalab/datalab.py,method,Datalab,has_labels,A,1,163,165
cleanlab/datalab/datalab.py,method,Datalab,class_names,A,1,168,173
cleanlab/datalab/datalab.py,method,Datalab,issues,A,1,435,437
cleanlab/datalab/datalab.py,method,Datalab,issues,A,1,440,441
cleanlab/datalab/datalab.py,method,Datalab,issue_summary,A,1,444,470
cleanlab/datalab/datalab.py,method,Datalab,issue_summary,A,1,473,474
cleanlab/datalab/datalab.py,method,Datalab,info,A,1,477,500
cleanlab/datalab/datalab.py,method,Datalab,info,A,1,503,504
cleanlab/datalab/datalab.py,method,Datalab,get_issue_summary,A,1,540,559
cleanlab/datalab/datalab.py,method,Datalab,get_info,A,1,561,576
cleanlab/datalab/datalab.py,method,Datalab,save,A,1,605,623
cleanlab/datalab/datalab.py,method,Datalab,load,A,1,626,647
cleanlab/datalab/internal/data.py,method,DataFormatError,__init__,A,1,41,48
cleanlab/datalab/internal/data.py,method,DatasetDictError,__init__,A,1,59,65
cleanlab/datalab/internal/data.py,method,DatasetLoadError,__init__,A,1,77,79
cleanlab/datalab/internal/data.py,method,Data,__len__,A,1,170,171
cleanlab/datalab/internal/data.py,method,Data,__hash__,A,1,181,182
cleanlab/datalab/internal/data.py,method,Data,class_names,A,1,185,186
cleanlab/datalab/internal/data.py,method,Data,has_labels,A,1,189,191
cleanlab/datalab/internal/data.py,method,Label,__getitem__,A,1,282,283
cleanlab/datalab/internal/data.py,method,Label,__bool__,A,1,285,286
cleanlab/datalab/internal/data.py,method,Label,class_names,A,1,289,294
cleanlab/datalab/internal/data.py,method,Label,_extract_labels,A,1,314,316
cleanlab/datalab/internal/data.py,method,MultiLabel,__init__,A,1,320,321
cleanlab/datalab/internal/data.py,method,MultiClass,__init__,A,1,339,340
cleanlab/datalab/internal/data_issues.py,method,_InfoStrategy,get_info,A,1,45,71
cleanlab/datalab/internal/data_issues.py,method,DataIssues,__init__,A,1,187,196
cleanlab/datalab/internal/data_issues.py,method,DataIssues,get_info,A,1,198,199
cleanlab/datalab/internal/data_issues.py,method,DataIssues,statistics,A,1,202,207
cleanlab/datalab/internal/data_issues.py,method,DataIssues,collect_issues_from_imagelab,A,1,383,384
cleanlab/datalab/internal/data_issues.py,method,DataIssues,set_health_score,A,1,386,391
cleanlab/datalab/internal/display.py,method,RepresentationStrategy,__init__,A,1,15,16
cleanlab/datalab/internal/display.py,method,RepresentationStrategy,checks_run,A,1,19,20
cleanlab/datalab/internal/display.py,method,RepresentationStrategy,num_examples,A,1,23,24
cleanlab/datalab/internal/display.py,method,RepresentationStrategy,num_classes,A,1,27,28
cleanlab/datalab/internal/display.py,method,RepresentationStrategy,show_task,A,1,36,37
cleanlab/datalab/internal/display.py,method,RepresentationStrategy,show_checks_run,A,1,39,40
cleanlab/datalab/internal/display.py,method,RepresentationStrategy,show_issues_identified,A,1,48,49
cleanlab/datalab/internal/display.py,method,RepresentationStrategy,represent,A,1,52,53
cleanlab/datalab/internal/display.py,method,_Displayer,__init__,A,1,113,116
cleanlab/datalab/internal/display.py,method,_Displayer,__repr__,A,1,129,131
cleanlab/datalab/internal/display.py,method,_Displayer,__str__,A,1,133,135
cleanlab/datalab/internal/helper_factory.py,method,_DataIssuesBuilder,__init__,A,1,44,47
cleanlab/datalab/internal/helper_factory.py,method,_DataIssuesBuilder,set_imagelab,A,1,49,51
cleanlab/datalab/internal/helper_factory.py,method,_DataIssuesBuilder,set_task,A,1,53,63
cleanlab/datalab/internal/helper_factory.py,method,_DataIssuesBuilder,build,A,1,65,68
cleanlab/datalab/internal/issue_finder.py,method,IssueFinder,__init__,A,1,227,230
cleanlab/datalab/internal/issue_manager_factory.py,function,,list_possible_issue_types,A,1,216,225
cleanlab/datalab/internal/model_outputs.py,method,ModelOutput,validate,A,1,33,39
cleanlab/datalab/internal/model_outputs.py,method,ModelOutput,collect,A,1,42,48
cleanlab/datalab/internal/model_outputs.py,method,MultiClassPredProbs,collect,A,1,72,73
cleanlab/datalab/internal/model_outputs.py,method,RegressionPredictions,collect,A,1,89,90
cleanlab/datalab/internal/model_outputs.py,method,MultiLabelPredProbs,collect,A,1,115,116
cleanlab/datalab/internal/report.py,method,Reporter,__init__,A,1,46,61
cleanlab/datalab/internal/report.py,method,Reporter,report,A,1,76,84
cleanlab/datalab/internal/serialize.py,method,_Serializer,_save_data_issues,A,1,29,35
cleanlab/datalab/internal/serialize.py,method,_Serializer,_save_data,A,1,38,41
cleanlab/datalab/internal/spurious_correlation.py,function,,_train_and_eval,A,1,77,81
cleanlab/datalab/internal/spurious_correlation.py,method,SpuriousCorrelations,_get_baseline,A,1,48,51
cleanlab/datalab/internal/spurious_correlation.py,method,SpuriousCorrelations,calculate_spurious_correlation,A,1,53,74
cleanlab/datalab/internal/task.py,method,Task,__str__,A,1,35,42
cleanlab/datalab/internal/task.py,method,Task,is_classification,A,1,79,94
cleanlab/datalab/internal/task.py,method,Task,is_regression,A,1,97,112
cleanlab/datalab/internal/task.py,method,Task,is_multilabel,A,1,115,130
cleanlab/datalab/internal/adapter/imagelab.py,method,ImagelabDataIssuesAdapter,__init__,A,1,90,91
cleanlab/datalab/internal/adapter/imagelab.py,method,CorrelationVisualizer,visualize,A,1,174,181
cleanlab/datalab/internal/adapter/imagelab.py,method,CorrelationReporter,_print_correlation_summary,A,1,220,224
cleanlab/datalab/internal/adapter/imagelab.py,method,CorrelationReporter,_get_filtered_correlated_properties,A,1,254,262
cleanlab/datalab/internal/adapter/imagelab.py,method,ImagelabReporterAdapter,_report_imagelab,A,1,300,307
cleanlab/datalab/internal/adapter/imagelab.py,method,ImagelabIssueFinderAdapter,__init__,A,1,312,314
cleanlab/datalab/internal/issue_manager/data_valuation.py,method,DataValuationIssueManager,collect_info,A,1,150,170
cleanlab/datalab/internal/issue_manager/duplicate.py,method,NearDuplicateIssueManager,__init__,A,1,38,50
cleanlab/datalab/internal/issue_manager/duplicate.py,method,NearDuplicateIssueManager,find_issues,A,1,52,86
cleanlab/datalab/internal/issue_manager/duplicate.py,method,NearDuplicateIssueManager,collect_info,A,1,122,152
cleanlab/datalab/internal/issue_manager/imbalance.py,method,ClassImbalanceIssueManager,__init__,A,1,37,39
cleanlab/datalab/internal/issue_manager/imbalance.py,method,ClassImbalanceIssueManager,collect_info,A,1,71,78
cleanlab/datalab/internal/issue_manager/issue_manager.py,method,IssueManager,__init__,A,1,129,133
cleanlab/datalab/internal/issue_manager/issue_manager.py,method,IssueManager,__repr__,A,1,135,137
cleanlab/datalab/internal/issue_manager/issue_manager.py,method,IssueManager,find_issues,A,1,149,154
cleanlab/datalab/internal/issue_manager/issue_manager.py,method,IssueManager,collect_info,A,1,156,164
cleanlab/datalab/internal/issue_manager/knn_graph_helpers.py,function,,num_neighbors_in_knn_graph,A,1,15,17
cleanlab/datalab/internal/issue_manager/knn_graph_helpers.py,function,,knn_exists,A,1,41,44
cleanlab/datalab/internal/issue_manager/label.py,method,LabelIssueManager,get_health_summary,A,1,187,196
cleanlab/datalab/internal/issue_manager/label.py,method,LabelIssueManager,_validate_pred_probs,A,1,272,273
cleanlab/datalab/internal/issue_manager/noniid.py,function,,simplified_kolmogorov_smirnov_test,A,1,29,67
cleanlab/datalab/internal/issue_manager/noniid.py,method,NonIIDIssueManager,__init__,A,1,116,132
cleanlab/datalab/internal/issue_manager/noniid.py,method,NonIIDIssueManager,metric,A,1,136,137
cleanlab/datalab/internal/issue_manager/noniid.py,method,NonIIDIssueManager,metric,A,1,140,141
cleanlab/datalab/internal/issue_manager/noniid.py,method,NonIIDIssueManager,k,A,1,144,145
cleanlab/datalab/internal/issue_manager/noniid.py,method,NonIIDIssueManager,num_permutations,A,1,148,149
cleanlab/datalab/internal/issue_manager/noniid.py,method,NonIIDIssueManager,seed,A,1,152,153
cleanlab/datalab/internal/issue_manager/noniid.py,method,NonIIDIssueManager,significance_threshold,A,1,156,157
cleanlab/datalab/internal/issue_manager/noniid.py,method,NonIIDIssueManager,collect_info,A,1,259,285
cleanlab/datalab/internal/issue_manager/noniid.py,method,NonIIDIssueManager,_score_dataset,A,1,352,464
cleanlab/datalab/internal/issue_manager/noniid.py,method,NonIIDIssueManager,_get_neighbors,A,1,466,472
cleanlab/datalab/internal/issue_manager/noniid.py,method,NonIIDIssueManager,_get_statistics,A,1,474,490
cleanlab/datalab/internal/issue_manager/null.py,method,NullIssueManager,_calculate_null_issues,A,1,36,47
cleanlab/datalab/internal/issue_manager/null.py,method,NullIssueManager,_column_impact,A,1,119,139
cleanlab/datalab/internal/issue_manager/null.py,method,NullIssueManager,collect_info,A,1,141,147
cleanlab/datalab/internal/issue_manager/outlier.py,method,OutlierIssueManager,k,A,1,109,110
cleanlab/datalab/internal/issue_manager/outlier.py,method,OutlierIssueManager,t,A,1,113,114
cleanlab/datalab/internal/issue_manager/outlier.py,method,OutlierIssueManager,metric,A,1,117,118
cleanlab/datalab/internal/issue_manager/outlier.py,method,OutlierIssueManager,scaling_factor,A,1,121,122
cleanlab/datalab/internal/issue_manager/outlier.py,method,OutlierIssueManager,threshold,A,1,125,126
cleanlab/datalab/internal/issue_manager/outlier.py,method,OutlierIssueManager,ood,A,1,129,130
cleanlab/datalab/internal/issue_manager/underperforming_group.py,method,UnderperformingGroupIssueManager,metric,A,1,92,93
cleanlab/datalab/internal/issue_manager/underperforming_group.py,method,UnderperformingGroupIssueManager,metric,A,1,96,97
cleanlab/datalab/internal/issue_manager/underperforming_group.py,method,UnderperformingGroupIssueManager,threshold,A,1,100,101
cleanlab/datalab/internal/issue_manager/underperforming_group.py,method,UnderperformingGroupIssueManager,k,A,1,104,105
cleanlab/datalab/internal/issue_manager/underperforming_group.py,method,UnderperformingGroupIssueManager,clustering_kwargs,A,1,108,109
cleanlab/datalab/internal/issue_manager/underperforming_group.py,method,UnderperformingGroupIssueManager,min_cluster_samples,A,1,112,113
cleanlab/datalab/internal/issue_manager/multilabel/label.py,method,MultilabelIssueManager,__init__,A,1,45,50
cleanlab/datalab/internal/issue_manager/multilabel/label.py,method,MultilabelIssueManager,collect_info,A,1,128,135
cleanlab/datalab/internal/issue_manager/regression/label.py,method,RegressionLabelIssueManager,collect_info,A,1,122,140
cleanlab/experimental/cifar_cnn.py,function,,call_bn,A,1,30,31
cleanlab/experimental/cifar_cnn.py,method,ConvBNBlock,__init__,A,1,35,38
cleanlab/experimental/cifar_cnn.py,method,ConvBNBlock,forward,A,1,40,41
cleanlab/experimental/coteaching.py,function,,loss_coteaching,A,1,23,70
cleanlab/experimental/coteaching.py,function,,forget_rate_scheduler,A,1,93,98
cleanlab/experimental/label_issues_batched.py,function,,find_label_issues_batched,A,1,68,206
cleanlab/experimental/label_issues_batched.py,function,,split_arr,A,1,767,771
cleanlab/experimental/label_issues_batched.py,method,LabelInspector,update_confident_thresholds,A,1,563,592
cleanlab/experimental/mnist_pytorch.py,function,,get_mnist_dataset,A,1,50,64
cleanlab/experimental/mnist_pytorch.py,method,SimpleNet,__init__,A,1,122,128
cleanlab/experimental/mnist_pytorch.py,method,SimpleNet,forward,A,1,130,138
cleanlab/experimental/mnist_pytorch.py,method,CNN,_set_dataset,A,1,233,234
cleanlab/experimental/mnist_pytorch.py,method,CNN,batch_size,A,1,256,257
cleanlab/experimental/mnist_pytorch.py,method,CNN,batch_size,A,1,260,261
cleanlab/experimental/mnist_pytorch.py,method,CNN,epochs,A,1,264,265
cleanlab/experimental/mnist_pytorch.py,method,CNN,epochs,A,1,268,269
cleanlab/experimental/mnist_pytorch.py,method,CNN,log_interval,A,1,272,273
cleanlab/experimental/mnist_pytorch.py,method,CNN,log_interval,A,1,276,277
cleanlab/experimental/mnist_pytorch.py,method,CNN,lr,A,1,280,281
cleanlab/experimental/mnist_pytorch.py,method,CNN,lr,A,1,284,285
cleanlab/experimental/mnist_pytorch.py,method,CNN,momentum,A,1,288,289
cleanlab/experimental/mnist_pytorch.py,method,CNN,momentum,A,1,292,293
cleanlab/experimental/mnist_pytorch.py,method,CNN,no_cuda,A,1,296,297
cleanlab/experimental/mnist_pytorch.py,method,CNN,no_cuda,A,1,300,301
cleanlab/experimental/mnist_pytorch.py,method,CNN,seed,A,1,304,305
cleanlab/experimental/mnist_pytorch.py,method,CNN,seed,A,1,308,309
cleanlab/experimental/mnist_pytorch.py,method,CNN,test_batch_size,A,1,312,313
cleanlab/experimental/mnist_pytorch.py,method,CNN,dataset,A,1,320,321
cleanlab/experimental/mnist_pytorch.py,method,CNN,dataset,A,1,324,325
cleanlab/experimental/mnist_pytorch.py,method,CNN,loader,A,1,328,329
cleanlab/experimental/mnist_pytorch.py,method,CNN,loader,A,1,332,333
cleanlab/experimental/mnist_pytorch.py,method,CNN,train_size,A,1,344,345
cleanlab/experimental/mnist_pytorch.py,method,CNN,test_size,A,1,348,349
cleanlab/experimental/mnist_pytorch.py,method,CNN,get_dataset,A,1,352,353
cleanlab/experimental/mnist_pytorch.py,method,CNN,get_params,A,1,359,368
cleanlab/experimental/mnist_pytorch.py,method,CNN,predict,A,1,451,455
cleanlab/experimental/span_classification.py,function,,find_label_issues,A,1,17,62
cleanlab/experimental/span_classification.py,function,,display_issues,A,1,65,85
cleanlab/experimental/span_classification.py,function,,get_label_quality_scores,A,1,89,98
cleanlab/internal/latent_algebra.py,function,,compute_ps_py_inv_noise_matrix,A,1,18,36
cleanlab/internal/latent_algebra.py,function,,compute_py_inv_noise_matrix,A,1,39,63
cleanlab/internal/multiannotator_utils.py,function,,temp_scale_pred_probs,A,1,363,378
cleanlab/internal/multilabel_scorer.py,function,,softmin,A,1,206,232
cleanlab/internal/multilabel_scorer.py,function,,get_label_quality_scores,A,1,505,553
cleanlab/internal/multilabel_scorer.py,function,,multilabel_py,A,1,559,591
cleanlab/internal/multilabel_scorer.py,function,,_get_split_generator,A,1,597,600
cleanlab/internal/multilabel_scorer.py,function,,get_cross_validated_multilabel_pred_probs,A,1,603,652
cleanlab/internal/multilabel_scorer.py,method,_Wrapper,__init__,A,1,30,31
cleanlab/internal/multilabel_scorer.py,method,_Wrapper,__call__,A,1,33,34
cleanlab/internal/multilabel_scorer.py,method,_Wrapper,__repr__,A,1,36,37
cleanlab/internal/multilabel_scorer.py,method,ClassLabelScorer,__call__,A,1,65,87
cleanlab/internal/multilabel_scorer.py,method,Aggregator,__call__,A,1,281,297
cleanlab/internal/multilabel_scorer.py,method,Aggregator,__repr__,A,1,299,300
cleanlab/internal/multilabel_scorer.py,method,MultilabelScorer,aggregate,A,1,400,442
cleanlab/internal/multilabel_utils.py,function,,stack_complement,A,1,22,40
cleanlab/internal/multilabel_utils.py,function,,int2onehot,A,1,57,72
cleanlab/internal/object_detection_utils.py,function,,softmin1d,A,1,25,29
cleanlab/internal/object_detection_utils.py,function,,calculate_bounding_box_areas,A,1,32,36
cleanlab/internal/outlier.py,function,,transform_distances_to_scores,A,1,11,57
cleanlab/internal/token_classification_utils.py,function,,mapping,A,1,135,162
cleanlab/internal/token_classification_utils.py,function,,color_sentence,A,1,213,245
cleanlab/internal/util.py,function,,remove_noise_from_class,A,1,15,46
cleanlab/internal/util.py,function,,clip_noise_rates,A,1,49,75
cleanlab/internal/util.py,function,,value_counts_fill_missing_classes,A,1,171,177
cleanlab/internal/util.py,function,,round_preserving_row_totals,A,1,229,248
cleanlab/internal/util.py,function,,print_noise_matrix,A,1,355,361
cleanlab/internal/util.py,function,,print_inverse_noise_matrix,A,1,365,373
cleanlab/internal/util.py,function,,print_joint_matrix,A,1,377,383
cleanlab/internal/util.py,function,,subset_X_y,A,1,437,441
cleanlab/internal/util.py,function,,csr_vstack,A,1,482,490
cleanlab/internal/util.py,function,,num_unique_classes,A,1,538,545
cleanlab/internal/neighbor/knn_graph.py,function,,correct_knn_graph,A,1,206,246
cleanlab/internal/neighbor/knn_graph.py,function,,_prepare_neighborhood_of_first_k_duplicates,A,1,402,489
cleanlab/internal/neighbor/metric.py,function,,_euclidean_large_dataset,A,1,25,26
cleanlab/internal/neighbor/metric.py,function,,_euclidean_small_dataset,A,1,29,30
cleanlab/internal/neighbor/metric.py,function,,_cosine_metric,A,1,33,34
cleanlab/internal/neighbor/search.py,function,,construct_knn,A,1,12,75
cleanlab/multilabel_classification/dataset.py,function,,overall_multilabel_health_score,A,1,218,243
cleanlab/multilabel_classification/rank.py,function,,_labels_to_binary,A,1,24,34
cleanlab/multilabel_classification/rank.py,function,,get_label_quality_scores,A,1,53,121
cleanlab/multilabel_classification/rank.py,function,,get_label_quality_scores_per_class,A,1,124,178
cleanlab/object_detection/filter.py,function,,find_label_issues,A,1,32,108
cleanlab/object_detection/rank.py,function,,get_label_quality_scores,A,1,50,122
cleanlab/object_detection/rank.py,function,,_separate_label,A,1,248,252
cleanlab/object_detection/rank.py,function,,_separate_prediction_all_preds,A,1,256,260
cleanlab/object_detection/rank.py,function,,_mod_coordinates,A,1,300,304
cleanlab/object_detection/rank.py,function,,_get_overlap,A,1,307,310
cleanlab/object_detection/rank.py,function,,_euc_dis,A,1,388,395
cleanlab/object_detection/rank.py,function,,_get_subtype_label_quality_scores,A,1,1017,1110
cleanlab/object_detection/summary.py,function,,get_sorted_bbox_count_idxs,A,1,206,236
cleanlab/regression/learn.py,method,CleanLearning,label_issues_df,A,1,173,174
cleanlab/regression/learn.py,method,CleanLearning,label_issues_df,A,1,177,178
cleanlab/regression/learn.py,method,CleanLearning,label_issues_mask,A,1,181,182
cleanlab/regression/learn.py,method,CleanLearning,label_issues_mask,A,1,185,186
cleanlab/regression/learn.py,method,CleanLearning,k,A,1,189,190
cleanlab/regression/learn.py,method,CleanLearning,k,A,1,193,194
cleanlab/regression/learn.py,method,CleanLearning,predict,A,1,383,398
cleanlab/regression/learn.py,method,CleanLearning,get_aleatoric_uncertainty,A,1,656,681
cleanlab/regression/rank.py,function,,_get_residual_score_for_each_label,A,1,90,119
cleanlab/segmentation/filter.py,function,,_flatten_and_preprocess_masks,A,1,41,48
cleanlab/segmentation/filter.py,function,,_get_indexes_from_ranked_issues,A,1,51,58
cleanlab/segmentation/filter.py,function,,find_label_issues,A,1,162,247
cleanlab/segmentation/filter.py,function,,_get_indexes_from_ranked_issues,A,1,251,258
cleanlab/segmentation/summary.py,function,,filter_by_class,A,1,300,340
cleanlab/token_classification/rank.py,function,,fun,A,1,268,270
cleanlab/token_classification/summary.py,function,,_print_token_issue_summary,A,1,17,18
cleanlab/token_classification/summary.py,function,,_display_sentence_issue,A,1,262,264
cleanlab/classification.py,method,CleanLearning,_final_fit_message,A,2,522,525
cleanlab/classification.py,method,CleanLearning,fit,A,2,592,790
cleanlab/classification.py,method,CleanLearning,find_label_issues,A,2,883,973
cleanlab/classification.py,method,CleanLearning,get_label_issues,A,2,975,993
cleanlab/classification.py,method,CleanLearning,_set_noise_state_from_confident_joint,A,2,1049,1055
cleanlab/classification.py,method,CleanLearning,_ensure_confident_joint,A,2,1144,1149
cleanlab/count.py,function,,_calibrate_confident_joint_multilabel,A,2,294,326
cleanlab/count.py,function,,estimate_latent,A,2,715,796
cleanlab/count.py,function,,_get_confident_thresholds_multilabel,A,2,1461,1489
cleanlab/dataset.py,function,,_2d_matrix_to_row_column_value_list,A,2,234,248
cleanlab/filter.py,function,,_find_predicted_neq_given_multilabel,A,2,769,796
cleanlab/filter.py,function,,find_label_issues_using_argmax_confusion_matrix,A,2,799,855
cleanlab/filter.py,function,,_to_np_array,A,2,864,872
cleanlab/filter.py,function,,_multiclass_crossval_predict,A,2,1008,1049
cleanlab/multiannotator.py,function,,get_label_quality_multiannotator_ensemble,A,2,580,724
cleanlab/multiannotator.py,function,,_get_active_learning_scores_ensemble_unlabeled,A,2,967,993
cleanlab/multiannotator.py,function,,_tiebreak_majority_vote_randomly,A,2,1211,1220
cleanlab/multiannotator.py,function,,_get_consensus_stats,A,2,1333,1417
cleanlab/multiannotator.py,function,,_get_annotator_stats,A,2,1421,1513
cleanlab/multiannotator.py,function,,_get_annotator_agreement_with_consensus,A,2,1516,1541
cleanlab/outlier.py,method,OutOfDistribution,fit_score,A,2,119,172
cleanlab/__init__.py,function,,_datalab_import_factory,A,2,32,39
cleanlab/__init__.py,function,,_issue_manager_import_factory,A,2,44,51
cleanlab/datalab/datalab.py,method,Datalab,list_possible_issue_types,A,2,578,590
cleanlab/datalab/datalab.py,method,Datalab,list_default_issue_types,A,2,592,603
cleanlab/datalab/internal/data.py,method,Data,__init__,A,2,142,154
cleanlab/datalab/internal/data.py,method,Data,_load_data,A,2,156,168
cleanlab/datalab/internal/data.py,method,Data,__eq__,A,2,173,179
cleanlab/datalab/internal/data.py,method,Data,_load_dataset_from_dict,A,2,201,205
cleanlab/datalab/internal/data.py,method,Data,_load_dataset_from_list,A,2,208,212
cleanlab/datalab/internal/data.py,method,Label,__init__,A,2,258,267
cleanlab/datalab/internal/data.py,method,Label,__len__,A,2,269,272
cleanlab/datalab/internal/data.py,method,Label,__eq__,A,2,274,280
cleanlab/datalab/internal/data_issues.py,function,,get_data_statistics,A,2,394,413
cleanlab/datalab/internal/data_issues.py,method,DataIssues,collect_statistics,A,2,306,329
cleanlab/datalab/internal/data_issues.py,method,DataIssues,_update_issues,A,2,331,339
cleanlab/datalab/internal/data_issues.py,method,DataIssues,_update_issue_info,A,2,341,344
cleanlab/datalab/internal/data_issues.py,method,DataIssues,collect_issues_from_issue_manager,A,2,346,381
cleanlab/datalab/internal/display.py,method,RepresentationStrategy,issues_identified,A,2,31,33
cleanlab/datalab/internal/display.py,method,RepresentationStrategy,show_num_examples,A,2,42,43
cleanlab/datalab/internal/display.py,method,RepresentationStrategy,show_num_classes,A,2,45,46
cleanlab/datalab/internal/display.py,method,_Displayer,_get_representation_strategy,A,2,118,127
cleanlab/datalab/internal/helper_factory.py,function,,issue_finder_factory,A,2,21,25
cleanlab/datalab/internal/helper_factory.py,function,,report_factory,A,2,28,32
cleanlab/datalab/internal/helper_factory.py,method,_DataIssuesBuilder,_data_issues_factory,A,2,70,77
cleanlab/datalab/internal/helper_factory.py,method,_DataIssuesBuilder,_select_info_strategy,A,2,79,92
cleanlab/datalab/internal/issue_finder.py,function,,_select_strategy_for_resolving_required_args,A,2,165,193
cleanlab/datalab/internal/issue_manager_factory.py,function,,list_default_issue_types,A,2,228,267
cleanlab/datalab/internal/issue_manager_factory.py,method,_IssueManagerFactory,from_list,A,2,135,137
cleanlab/datalab/internal/model_outputs.py,method,RegressionPredictions,validate,A,2,84,87
cleanlab/datalab/internal/report.py,function,,add_issue_to_report,A,2,120,129
cleanlab/datalab/internal/report.py,method,Reporter,_get_empty_report,A,2,63,74
cleanlab/datalab/internal/serialize.py,method,_Serializer,_validate_version,A,2,44,50
cleanlab/datalab/internal/spurious_correlation.py,function,,relative_room_for_improvement,A,2,84,113
cleanlab/datalab/internal/adapter/imagelab.py,method,ImagelabDataIssuesAdapter,filter_based_on_max_prevalence,A,2,106,112
cleanlab/datalab/internal/adapter/imagelab.py,method,CorrelationVisualizer,__init__,A,2,163,171
cleanlab/datalab/internal/adapter/imagelab.py,method,CorrelationReporter,__init__,A,2,191,199
cleanlab/datalab/internal/adapter/imagelab.py,method,CorrelationReporter,report,A,2,201,218
cleanlab/datalab/internal/adapter/imagelab.py,method,CorrelationReporter,_visualize_extremes,A,2,226,235
cleanlab/datalab/internal/adapter/imagelab.py,method,ImagelabReporterAdapter,__init__,A,2,266,290
cleanlab/datalab/internal/adapter/imagelab.py,method,ImagelabReporterAdapter,report,A,2,292,298
cleanlab/datalab/internal/issue_manager/data_valuation.py,method,DataValuationIssueManager,__init__,A,2,87,98
cleanlab/datalab/internal/issue_manager/duplicate.py,function,,_compute_scores_with_exp_transform,A,2,189,228
cleanlab/datalab/internal/issue_manager/duplicate.py,method,NearDuplicateIssueManager,_set_threshold,A,2,173,186
cleanlab/datalab/internal/issue_manager/identifier_column.py,method,IdentifierColumnIssueManager,_prepare_from_dict,A,2,62,63
cleanlab/datalab/internal/issue_manager/issue_manager.py,method,IssueManager,make_summary,A,2,167,186
cleanlab/datalab/internal/issue_manager/issue_manager.py,method,IssueManager,_validate_verbosity,A,2,191,200
cleanlab/datalab/internal/issue_manager/noniid.py,method,NonIIDIssueManager,find_issues,A,2,195,242
cleanlab/datalab/internal/issue_manager/outlier.py,function,,compute_issue_threshold,A,2,238,242
cleanlab/datalab/internal/issue_manager/outlier.py,method,OutlierIssueManager,_knn_graph_works,A,2,221,224
cleanlab/datalab/internal/issue_manager/outlier.py,method,OutlierIssueManager,_score_with_pred_probs,A,2,326,337
cleanlab/datalab/internal/issue_manager/underperforming_group.py,method,UnderperformingGroupIssueManager,__init__,A,2,72,88
cleanlab/datalab/internal/issue_manager/underperforming_group.py,method,UnderperformingGroupIssueManager,collect_info,A,2,265,304
cleanlab/datalab/internal/issue_manager/underperforming_group.py,method,UnderperformingGroupIssueManager,_get_cluster_statistics,A,2,330,366
cleanlab/datalab/internal/issue_manager/underperforming_group.py,method,UnderperformingGroupIssueManager,_set_threshold,A,2,368,381
cleanlab/datalab/internal/issue_manager/multilabel/label.py,method,MultilabelIssueManager,find_issues,A,2,89,126
cleanlab/experimental/cifar_cnn.py,method,CNN,__init__,A,2,59,85
cleanlab/experimental/coteaching.py,function,,initialize_lr_scheduler,A,2,74,83
cleanlab/experimental/coteaching.py,function,,adjust_learning_rate,A,2,86,90
cleanlab/experimental/label_issues_batched.py,function,,_finalize_label_issues,A,2,285,299
cleanlab/experimental/label_issues_batched.py,function,,_compute_num_issues,A,2,774,801
cleanlab/experimental/label_issues_batched.py,function,,_compute_num_issues_calibrated,A,2,804,832
cleanlab/experimental/label_issues_batched.py,method,LabelInspector,get_quality_scores,A,2,508,526
cleanlab/experimental/mnist_pytorch.py,method,CNN,test_batch_size,A,2,316,317
cleanlab/experimental/mnist_pytorch.py,method,CNN,cuda,A,2,336,337
cleanlab/experimental/mnist_pytorch.py,method,CNN,loader_kwargs,A,2,340,341
cleanlab/experimental/span_classification.py,function,,_get_pred_prob_token,A,2,101,106
cleanlab/internal/latent_algebra.py,function,,compute_inv_noise_matrix,A,2,66,113
cleanlab/internal/latent_algebra.py,function,,compute_noise_matrix_from_inverse,A,2,116,173
cleanlab/internal/latent_algebra.py,function,,compute_pyx,A,2,259,311
cleanlab/internal/multiannotator_utils.py,function,,check_consensus_label_classes,A,2,261,277
cleanlab/internal/multiannotator_utils.py,function,,compute_soft_cross_entropy,A,2,281,300
cleanlab/internal/multilabel_scorer.py,method,ClassLabelScorer,from_str,A,2,103,131
cleanlab/internal/multilabel_scorer.py,method,Aggregator,_validate_method,A,2,270,272
cleanlab/internal/multilabel_scorer.py,method,MultilabelScorer,__init__,A,2,328,340
cleanlab/internal/multilabel_scorer.py,method,MultilabelScorer,__call__,A,2,342,398
cleanlab/internal/multilabel_utils.py,function,,get_onehot_num_classes,A,2,43,54
cleanlab/internal/multilabel_utils.py,function,,onehot2int,A,2,75,90
cleanlab/internal/numerics.py,function,,softmax,A,2,7,39
cleanlab/internal/object_detection_utils.py,function,,bbox_xyxy_to_xywh,A,2,13,22
cleanlab/internal/regression_utils.py,function,,check_missing_values,A,2,109,113
cleanlab/internal/token_classification_utils.py,function,,process_token,A,2,93,132
cleanlab/internal/token_classification_utils.py,function,,_replace_sentence,A,2,248,276
cleanlab/internal/util.py,function,,estimate_pu_f1,A,2,251,271
cleanlab/internal/util.py,function,,smart_display_dataframe,A,2,588,595
cleanlab/internal/validation.py,function,,assert_valid_inputs,A,2,13,27
cleanlab/internal/validation.py,function,,_validate_features_if_needed,A,2,56,64
cleanlab/internal/validation.py,function,,assert_nonempty_input,A,2,125,128
cleanlab/internal/neighbor/knn_graph.py,function,,construct_knn_graph_from_index,A,2,73,139
cleanlab/internal/neighbor/knn_graph.py,function,,correct_knn_distances_and_indices,A,2,492,564
cleanlab/internal/neighbor/metric.py,function,,decide_euclidean_metric,A,2,37,70
cleanlab/internal/neighbor/metric.py,function,,decide_default_metric,A,2,74,107
cleanlab/multilabel_classification/rank.py,function,,_create_multilabel_scorer,A,2,37,50
cleanlab/object_detection/rank.py,function,,issues_from_scores,A,2,126,156
cleanlab/object_detection/rank.py,function,,_separate_prediction,A,2,288,297
cleanlab/object_detection/rank.py,function,,_get_valid_score,A,2,512,519
cleanlab/object_detection/rank.py,function,,_get_aggregation_weights,A,2,540,552
cleanlab/object_detection/rank.py,function,,pool_box_scores_per_image,A,2,976,1014
cleanlab/object_detection/summary.py,function,,_prepare_prediction_boxes,A,2,442,451
cleanlab/object_detection/summary.py,function,,_sort_dict_to_list,A,2,537,555
cleanlab/object_detection/summary.py,function,,calculate_per_class_metrics,A,2,631,686
cleanlab/object_detection/summary.py,function,,_normalize_by_total,A,2,689,692
cleanlab/object_detection/summary.py,function,,_draw_labels,A,2,747,764
cleanlab/regression/learn.py,method,CleanLearning,get_label_issues,A,2,594,610
cleanlab/regression/learn.py,method,CleanLearning,_get_r2_for_k,A,2,867,885
cleanlab/regression/learn.py,method,CleanLearning,_get_r2_scores_for_k_range,A,2,887,903
cleanlab/regression/rank.py,function,,get_label_quality_scores,A,2,22,87
cleanlab/regression/rank.py,function,,_get_outre_score_for_each_label,A,2,122,173
cleanlab/segmentation/summary.py,function,,_show_class_legend,A,2,133,140
cleanlab/segmentation/summary.py,function,,_generate_colormap,A,2,343,388
cleanlab/token_classification/summary.py,function,,_class_name,A,2,13,14
cleanlab/classification.py,method,CleanLearning,_ensure_pred_probs,A,3,1125,1142
cleanlab/classification.py,method,CleanLearning,_apply_pulearning_adjustments,A,3,1152,1159
cleanlab/classification.py,method,CleanLearning,_inject_confident_joint_kwarg,A,3,1161,1164
cleanlab/count.py,function,,calibrate_confident_joint,A,3,221,291
cleanlab/count.py,function,,estimate_py_and_noise_matrices_from_probabilities,A,3,799,885
cleanlab/count.py,function,,_converge_estimates,A,3,1331,1404
cleanlab/data_valuation.py,function,,_knn_shapley_score,A,3,14,50
cleanlab/filter.py,function,,find_predicted_neq_given,A,3,735,766
cleanlab/multiannotator.py,function,,_get_ensemble_consensus_label,A,3,497,509
cleanlab/multiannotator.py,function,,_prepare_majority_vote_inputs,A,3,1082,1095
cleanlab/multiannotator.py,function,,_tiebreak_majority_vote_by_pred_probs,A,3,1135,1148
cleanlab/multiannotator.py,function,,_tiebreak_majority_vote_by_class_frequency,A,3,1151,1165
cleanlab/multiannotator.py,function,,_get_single_annotator_agreement,A,3,1592,1631
cleanlab/multiannotator.py,function,,_get_consensus_quality_score,A,3,1881,1937
cleanlab/multiannotator.py,function,,_get_single_annotator_worst_class,A,3,2114,2163
cleanlab/outlier.py,method,OutOfDistribution,_get_params,A,3,279,281
cleanlab/outlier.py,method,OutOfDistribution,_assert_valid_params,A,3,284,290
cleanlab/rank.py,function,,_compute_ensemble_member_scores_and_accuracy,A,3,231,256
cleanlab/rank.py,function,,get_label_quality_ensemble_scores,A,3,314,421
cleanlab/rank.py,function,,find_top_issues,A,3,424,450
cleanlab/datalab/datalab.py,method,Datalab,report,A,3,379,432
cleanlab/datalab/datalab.py,method,Datalab,get_issues,A,3,506,538
cleanlab/datalab/internal/data.py,function,,_is_valid_label_column,A,3,393,411
cleanlab/datalab/internal/data.py,method,Data,_validate_data,A,3,194,198
cleanlab/datalab/internal/data_issues.py,method,_InfoStrategy,_get_info_helper,A,3,74,85
cleanlab/datalab/internal/display.py,method,ClassificationRepresentation,represent,A,3,69,80
cleanlab/datalab/internal/display.py,method,RegressionRepresentation,represent,A,3,84,94
cleanlab/datalab/internal/display.py,method,MultilabelRepresentation,represent,A,3,98,109
cleanlab/datalab/internal/issue_finder.py,method,IssueFinder,_check_missing_args,A,3,370,378
cleanlab/datalab/internal/model_outputs.py,method,MultiLabelPredProbs,validate,A,3,101,112
cleanlab/datalab/internal/serialize.py,method,_Serializer,serialize,A,3,55,85
cleanlab/datalab/internal/spurious_correlation.py,method,SpuriousCorrelations,calculate_correlations,A,3,33,46
cleanlab/datalab/internal/task.py,method,Task,from_str,A,3,45,76
cleanlab/datalab/internal/adapter/imagelab.py,function,,handle_spurious_correlations,A,3,414,429
cleanlab/datalab/internal/adapter/imagelab.py,method,ImagelabDataIssuesAdapter,collect_issues_from_imagelab,A,3,114,143
cleanlab/datalab/internal/adapter/imagelab.py,method,ImagelabDataIssuesAdapter,get_info,A,3,145,155
cleanlab/datalab/internal/adapter/imagelab.py,method,CorrelationReporter,_get_correlated_properties,A,3,248,252
cleanlab/datalab/internal/issue_manager/data_valuation.py,method,DataValuationIssueManager,find_issues,A,3,100,148
cleanlab/datalab/internal/issue_manager/identifier_column.py,method,IdentifierColumnIssueManager,_to_array,A,3,47,51
cleanlab/datalab/internal/issue_manager/identifier_column.py,method,IdentifierColumnIssueManager,_prepare_from_dataframe,A,3,53,59
cleanlab/datalab/internal/issue_manager/imbalance.py,method,ClassImbalanceIssueManager,find_issues,A,3,41,69
cleanlab/datalab/internal/issue_manager/issue_manager.py,method,IssueManager,__init_subclass__,A,3,140,146
cleanlab/datalab/internal/issue_manager/label.py,method,LabelIssueManager,__init__,A,3,54,69
cleanlab/datalab/internal/issue_manager/label.py,method,LabelIssueManager,collect_info,A,3,240,270
cleanlab/datalab/internal/issue_manager/noniid.py,method,NonIIDIssueManager,_determine_optional_features,A,3,160,193
cleanlab/datalab/internal/issue_manager/noniid.py,method,NonIIDIssueManager,_determine_if_knn_graph_storage_should_be_skipped,A,3,245,257
cleanlab/datalab/internal/issue_manager/null.py,method,NullIssueManager,find_issues,A,3,49,70
cleanlab/datalab/internal/issue_manager/null.py,method,NullIssueManager,report,A,3,150,210
cleanlab/datalab/internal/issue_manager/outlier.py,method,OutlierIssueManager,collect_info,A,3,247,298
cleanlab/datalab/internal/issue_manager/regression/label.py,method,RegressionLabelIssueManager,__init__,A,3,47,59
cleanlab/experimental/coteaching.py,function,,evaluate,A,3,203,229
cleanlab/experimental/label_issues_batched.py,function,,_batch_check,A,3,835,851
cleanlab/experimental/label_issues_batched.py,method,LabelInspector,score_label_quality,A,3,594,637
cleanlab/experimental/label_issues_batched.py,method,LabelInspector,_update_num_label_issues,A,3,639,664
cleanlab/experimental/mnist_pytorch.py,function,,get_sklearn_digits_dataset,A,3,67,116
cleanlab/experimental/mnist_pytorch.py,method,CNN,_make_dataset_spec,A,3,236,253
cleanlab/internal/label_quality_utils.py,function,,_subtract_confident_thresholds,A,3,11,65
cleanlab/internal/multiannotator_utils.py,function,,_warn_if_no_annotator_agreement,A,3,19,25
cleanlab/internal/multiannotator_utils.py,function,,_validate_pred_probs_matching_classes,A,3,92,100
cleanlab/internal/multiannotator_utils.py,function,,find_best_temp_scaler,A,3,303,333
cleanlab/internal/multiannotator_utils.py,function,,_set_fine_search_range,A,3,336,360
cleanlab/internal/multilabel_scorer.py,method,ClassLabelScorer,_adjust_pred_probs,A,3,89,100
cleanlab/internal/multilabel_scorer.py,method,Aggregator,__init__,A,3,256,267
cleanlab/internal/multilabel_scorer.py,method,Aggregator,_validate_scores,A,3,275,278
cleanlab/internal/multilabel_scorer.py,method,MultilabelScorer,get_class_label_quality_scores,A,3,444,488
cleanlab/internal/object_detection_utils.py,function,,assert_valid_aggregation_weights,A,3,39,44
cleanlab/internal/regression_utils.py,function,,assert_valid_regression_inputs,A,3,51,69
cleanlab/internal/segmentation_utils.py,function,,_get_valid_optional_params,A,3,10,20
cleanlab/internal/segmentation_utils.py,function,,_get_summary_optional_params,A,3,23,33
cleanlab/internal/util.py,function,,clip_values,A,3,78,110
cleanlab/internal/util.py,function,,confusion_matrix,A,3,274,311
cleanlab/internal/util.py,function,,is_torch_dataset,A,3,471,479
cleanlab/internal/util.py,function,,force_two_dimensions,A,3,598,616
cleanlab/internal/validation.py,function,,_validate_labels,A,3,30,43
cleanlab/internal/validation.py,function,,_get_num_examples,A,3,46,53
cleanlab/internal/neighbor/knn_graph.py,function,,features_to_knn,A,3,26,70
cleanlab/internal/neighbor/knn_graph.py,function,,create_knn_graph_and_index,A,3,142,203
cleanlab/internal/neighbor/knn_graph.py,function,,_compute_exact_duplicate_sets,A,3,250,290
cleanlab/internal/neighbor/knn_graph.py,function,,correct_knn_distances_and_indices_with_exact_duplicate_sets_inplace,A,3,293,399
cleanlab/object_detection/filter.py,function,,_pool_box_scores_per_image,A,3,207,223
cleanlab/object_detection/filter.py,function,,_process_class_list,A,3,226,242
cleanlab/object_detection/filter.py,function,,_filter_by_class,A,3,301,312
cleanlab/object_detection/filter.py,function,,_calculate_average_precision,A,3,361,386
cleanlab/object_detection/rank.py,function,,_get_min_pred_prob,A,3,204,214
cleanlab/object_detection/rank.py,function,,_get_overlap_matrix,A,3,313,320
cleanlab/object_detection/rank.py,function,,_get_iou,A,3,323,368
cleanlab/object_detection/rank.py,function,,_get_dist_matrix,A,3,398,404
cleanlab/object_detection/rank.py,function,,_get_min_possible_similarity,A,3,407,425
cleanlab/object_detection/rank.py,function,,compute_overlooked_box_scores,A,3,611,687
cleanlab/object_detection/rank.py,function,,compute_badloc_box_scores,A,3,749,822
cleanlab/object_detection/rank.py,function,,compute_swap_box_scores,A,3,892,973
cleanlab/object_detection/summary.py,function,,class_label_distribution,A,3,157,203
cleanlab/object_detection/summary.py,function,,_save_visualize_figure,A,3,486,497
cleanlab/object_detection/summary.py,function,,_get_class_instances,A,3,705,710
cleanlab/regression/learn.py,method,CleanLearning,fit,A,3,196,301
cleanlab/regression/learn.py,method,CleanLearning,score,A,3,400,434
cleanlab/token_classification/rank.py,function,,nested_list,A,3,112,114
cleanlab/token_classification/summary.py,function,,filter_by_token,A,3,370,413
cleanlab/classification.py,method,CleanLearning,predict,A,4,792,818
cleanlab/classification.py,method,CleanLearning,predict_proba,A,4,820,846
cleanlab/classification.py,method,CleanLearning,score,A,4,848,880
cleanlab/classification.py,method,CleanLearning,save_space,A,4,995,1020
cleanlab/classification.py,method,CleanLearning,_process_label_issues_kwargs,A,4,1022,1047
cleanlab/classification.py,method,CleanLearning,_set_noise_state_and_pred_probs,A,4,1077,1123
cleanlab/classification.py,method,CleanLearning,_find_label_issues_standard,A,4,1236,1282
cleanlab/count.py,function,,_estimate_joint_multilabel,A,4,402,442
cleanlab/count.py,function,,_compute_confident_joint_multi_label,A,4,625,712
cleanlab/dataset.py,function,,_get_num_examples,A,4,491,514
cleanlab/data_valuation.py,function,,data_shapley_knn,A,4,53,127
cleanlab/filter.py,function,,find_label_issues,A,4,347,546
cleanlab/filter.py,function,,_prune_by_class,A,4,926,960
cleanlab/multiannotator.py,function,,_build_main_method_outputs,A,4,402,459
cleanlab/multiannotator.py,function,,_get_majority_vote_counts_and_modes,A,4,1098,1132
cleanlab/multiannotator.py,function,,_get_annotator_agreement_with_annotators,A,4,1544,1589
cleanlab/outlier.py,method,OutOfDistribution,__init__,A,4,105,117
cleanlab/rank.py,function,,_compute_label_quality_scores,A,4,120,155
cleanlab/datalab/datalab.py,method,Datalab,find_issues,A,4,175,376
cleanlab/datalab/internal/data.py,method,Data,_load_dataset_from_string,A,4,215,235
cleanlab/datalab/internal/data.py,method,Label,is_available,A,4,297,301
cleanlab/datalab/internal/data.py,method,Label,_validate_labels,A,4,303,303
cleanlab/datalab/internal/data_issues.py,method,DataIssues,get_issue_summary,A,4,276,304
cleanlab/datalab/internal/display.py,method,RepresentationStrategy,to_string,A,4,55,65
cleanlab/datalab/internal/issue_manager_factory.py,method,_IssueManagerFactory,from_str,A,4,120,132
cleanlab/datalab/internal/model_outputs.py,method,MultiClassPredProbs,validate,A,4,59,70
cleanlab/datalab/internal/report.py,method,Reporter,_write_summary,A,4,146,182
cleanlab/datalab/internal/adapter/imagelab.py,function,,create_imagelab,A,4,31,65
cleanlab/datalab/internal/adapter/imagelab.py,method,ImagelabDataIssuesAdapter,_update_issues_imagelab,A,4,93,104
cleanlab/datalab/internal/adapter/imagelab.py,method,CorrelationReporter,_visualize,A,4,237,245
cleanlab/datalab/internal/issue_manager/identifier_column.py,method,IdentifierColumnIssueManager,_is_sequential,A,4,28,45
cleanlab/datalab/internal/issue_manager/identifier_column.py,method,IdentifierColumnIssueManager,_prepare_from_list,A,4,65,70
cleanlab/datalab/internal/issue_manager/identifier_column.py,method,IdentifierColumnIssueManager,find_issues,A,4,94,131
cleanlab/datalab/internal/issue_manager/label.py,method,LabelIssueManager,_process_find_label_issues_kwargs,A,4,72,90
cleanlab/datalab/internal/issue_manager/label.py,method,LabelIssueManager,_reset,A,4,92,112
cleanlab/datalab/internal/issue_manager/underperforming_group.py,method,UnderperformingGroupIssueManager,perform_clustering,A,4,171,191
cleanlab/datalab/internal/issue_manager/multilabel/label.py,method,MultilabelIssueManager,_process_find_label_issues_kwargs,A,4,53,73
cleanlab/datalab/internal/issue_manager/multilabel/label.py,method,MultilabelIssueManager,_process_get_label_quality_scores_kwargs,A,4,76,87
cleanlab/datalab/internal/issue_manager/regression/label.py,function,,find_issues_with_predictions,A,4,143,197
cleanlab/datalab/internal/issue_manager/regression/label.py,function,,find_issues_with_features,A,4,200,241
cleanlab/experimental/label_issues_batched.py,method,LabelInspector,get_confident_thresholds,A,4,454,474
cleanlab/experimental/label_issues_batched.py,method,LabelInspector,get_label_issues,A,4,528,561
cleanlab/experimental/mnist_pytorch.py,method,CNN,__init__,A,4,196,231
cleanlab/experimental/mnist_pytorch.py,method,CNN,set_params,A,4,371,377
cleanlab/internal/label_quality_utils.py,function,,get_normalized_entropy,A,4,68,118
cleanlab/internal/multilabel_scorer.py,function,,exponential_moving_average,A,4,134,203
cleanlab/internal/multilabel_scorer.py,method,MultilabelScorer,_validate_labels_and_pred_probs,A,4,491,502
cleanlab/internal/multilabel_utils.py,function,,_is_multilabel,A,4,12,19
cleanlab/internal/token_classification_utils.py,function,,get_sentence,A,4,19,46
cleanlab/internal/token_classification_utils.py,function,,merge_probs,A,4,165,210
cleanlab/internal/util.py,function,,round_preserving_sum,A,4,194,226
cleanlab/internal/util.py,function,,subset_data,A,4,455,468
cleanlab/internal/validation.py,function,,labels_to_list_multilabel,A,4,204,222
cleanlab/internal/neighbor/knn_graph.py,function,,_configure_num_neighbors,A,4,567,578
cleanlab/multilabel_classification/dataset.py,function,,common_multilabel_issues,A,4,18,96
cleanlab/multilabel_classification/dataset.py,function,,_get_num_examples_multilabel,A,4,189,215
cleanlab/multilabel_classification/filter.py,function,,_validate_multilabel_confident_joint,A,4,277,291
cleanlab/object_detection/filter.py,function,,_find_label_issues_per_box,A,4,183,204
cleanlab/object_detection/filter.py,function,,_get_per_class_ap,A,4,389,405
cleanlab/object_detection/rank.py,function,,_separate_prediction_single_box,A,4,263,274
cleanlab/object_detection/rank.py,function,,_get_prediction_type,A,4,277,285
cleanlab/object_detection/rank.py,function,,_get_valid_inputs_for_compute_scores,A,4,486,509
cleanlab/object_detection/summary.py,function,,object_counts_per_image,A,4,48,99
cleanlab/object_detection/summary.py,function,,bounding_box_size_distribution,A,4,103,154
cleanlab/object_detection/summary.py,function,,plot_class_distribution,A,4,296,332
cleanlab/object_detection/summary.py,function,,_draw_visualize_overlay,A,4,454,465
cleanlab/object_detection/summary.py,function,,_draw_visualize_side_by_side,A,4,468,483
cleanlab/object_detection/summary.py,function,,_get_bbox_areas,A,4,695,702
cleanlab/regression/learn.py,method,CleanLearning,_validate_fit_sample_weight,A,4,324,332
cleanlab/regression/learn.py,method,CleanLearning,_fit_final_model,A,4,365,381
cleanlab/regression/learn.py,method,CleanLearning,get_epistemic_uncertainty,A,4,612,654
cleanlab/regression/learn.py,method,CleanLearning,save_space,A,4,683,698
cleanlab/regression/learn.py,method,CleanLearning,_get_fine_search_range,A,4,905,937
cleanlab/segmentation/filter.py,function,,_downsample_arrays,A,4,14,38
cleanlab/token_classification/summary.py,function,,common_label_issues,A,4,267,366
cleanlab/count.py,function,,get_confident_thresholds,A,5,1407,1458
cleanlab/dataset.py,function,,rank_classes_by_label_quality,A,5,16,108
cleanlab/multiannotator.py,function,,_get_consensus_stats_for_method,A,5,332,397
cleanlab/multiannotator.py,function,,_prepare_multiannotator_ensemble_inputs,A,5,462,494
cleanlab/multiannotator.py,function,,_build_ensemble_method_outputs,A,5,512,577
cleanlab/multiannotator.py,function,,get_active_learning_scores_ensemble,A,5,996,1079
cleanlab/rank.py,function,,order_label_issues,A,5,453,516
cleanlab/benchmarking/noise_generation.py,function,,noise_matrix_is_valid,A,5,15,90
cleanlab/datalab/internal/data.py,function,,_convert_column_to_list,A,5,414,431
cleanlab/datalab/internal/data_issues.py,method,_RegressionInfoStrategy,get_info,A,5,121,133
cleanlab/datalab/internal/issue_manager_factory.py,function,,register,A,5,140,213
cleanlab/datalab/internal/report.py,method,Reporter,get_report,A,5,86,144
cleanlab/datalab/internal/report.py,method,Reporter,_get_issue_types,A,5,185,194
cleanlab/datalab/internal/spurious_correlation.py,method,SpuriousCorrelations,__post_init__,A,5,19,31
cleanlab/datalab/internal/adapter/imagelab.py,method,ImagelabIssueFinderAdapter,_get_imagelab_issue_types,A,5,316,330
cleanlab/datalab/internal/issue_manager/duplicate.py,method,NearDuplicateIssueManager,_neighbors_within_radius,A,5,89,120
cleanlab/datalab/internal/issue_manager/identifier_column.py,method,IdentifierColumnIssueManager,_prepare_features,A,5,72,92
cleanlab/datalab/internal/issue_manager/knn_graph_helpers.py,function,,_process_knn_graph_from_inputs,A,5,20,38
cleanlab/datalab/internal/issue_manager/knn_graph_helpers.py,function,,set_knn_graph,A,5,48,69
cleanlab/datalab/internal/issue_manager/label.py,method,LabelIssueManager,find_issues,A,5,115,185
cleanlab/datalab/internal/issue_manager/noniid.py,method,NonIIDIssueManager,_permutation_test,A,5,312,350
cleanlab/datalab/internal/issue_manager/null.py,method,NullIssueManager,_most_common_issue,A,5,73,114
cleanlab/datalab/internal/issue_manager/outlier.py,method,OutlierIssueManager,__init__,A,5,65,104
cleanlab/datalab/internal/issue_manager/outlier.py,method,OutlierIssueManager,_compute_threshold_and_issue_column_from_distances,A,5,226,245
cleanlab/datalab/internal/issue_manager/underperforming_group.py,method,UnderperformingGroupIssueManager,filter_cluster_ids,A,5,193,216
cleanlab/datalab/internal/issue_manager/underperforming_group.py,method,UnderperformingGroupIssueManager,get_underperforming_clusters,A,5,218,263
cleanlab/experimental/cifar_cnn.py,method,CNN,forward,A,5,87,110
cleanlab/experimental/coteaching.py,function,,train,A,5,102,199
cleanlab/experimental/label_issues_batched.py,function,,_run_batched_pass,A,5,254,282
cleanlab/experimental/label_issues_batched.py,method,LabelInspector,get_num_issues,A,5,476,506
cleanlab/experimental/label_issues_batched.py,method,LabelInspector,_update_num_label_issues_single_process,A,5,666,711
cleanlab/internal/multiannotator_utils.py,function,,_validate_pred_probs_array,A,5,73,89
cleanlab/internal/outlier.py,function,,correct_precision_errors,A,5,60,112
cleanlab/internal/regression_utils.py,function,,assert_valid_prediction_inputs,A,5,11,48
cleanlab/internal/regression_utils.py,function,,check_dimension_and_datatype,A,5,72,106
cleanlab/internal/token_classification_utils.py,function,,filter_sentence,A,5,49,90
cleanlab/internal/util.py,function,,print_square_matrix,A,5,314,352
cleanlab/internal/util.py,function,,compress_int_array,A,5,387,399
cleanlab/internal/util.py,function,,subset_labels,A,5,444,452
cleanlab/internal/util.py,function,,get_num_classes,A,5,518,535
cleanlab/internal/util.py,function,,format_labels,A,5,563,585
cleanlab/multilabel_classification/filter.py,function,,find_multilabel_issues_per_class,A,5,156,274
cleanlab/multilabel_classification/filter.py,function,,_find_multilabel_issues_for_class,A,5,294,345
cleanlab/object_detection/filter.py,function,,_find_label_issues,A,5,111,180
cleanlab/object_detection/rank.py,function,,_compute_label_quality_scores,A,5,159,201
cleanlab/object_detection/rank.py,function,,_get_valid_subtype_score_params,A,5,522,537
cleanlab/object_detection/rank.py,function,,_compute_overlooked_box_scores_for_image,A,5,555,608
cleanlab/object_detection/rank.py,function,,_compute_badloc_box_scores_for_image,A,5,690,746
cleanlab/object_detection/summary.py,function,,_get_per_class_confusion_matrix_dict_,A,5,501,534
cleanlab/object_detection/summary.py,function,,_draw_boxes,A,5,767,793
cleanlab/regression/learn.py,method,CleanLearning,_find_best_k,A,5,803,865
cleanlab/token_classification/rank.py,function,,_softmin_sentence_score,A,5,231,274
cleanlab/token_classification/summary.py,function,,_print_token_issue_details,A,5,21,47
cleanlab/token_classification/summary.py,function,,_token_issue_rows_without_labels,A,5,50,67
cleanlab/classification.py,method,CleanLearning,__init__,B,6,242,284
cleanlab/classification.py,method,CleanLearning,_fit_final_model,B,6,566,590
cleanlab/classification.py,method,CleanLearning,_finalize_label_issues_df,B,6,1284,1313
cleanlab/count.py,function,,estimate_joint,B,6,329,399
cleanlab/filter.py,function,,_find_label_issues_multilabel,B,6,550,633
cleanlab/multiannotator.py,function,,_tiebreak_majority_vote_by_annotator_quality,B,6,1168,1208
cleanlab/outlier.py,method,OutOfDistribution,score,B,6,224,277
cleanlab/benchmarking/noise_generation.py,function,,generate_n_rand_probabilities_that_sum_to_m,B,6,340,429
cleanlab/datalab/internal/issue_finder.py,method,IssueFinder,_validate_issue_types_dict,B,6,381,394
cleanlab/datalab/internal/issue_manager/data_valuation.py,method,DataValuationIssueManager,_build_statistics_dictionary,B,6,172,189
cleanlab/datalab/internal/issue_manager/duplicate.py,method,NearDuplicateIssueManager,_build_statistics_dictionary,B,6,154,171
cleanlab/datalab/internal/issue_manager/underperforming_group.py,method,UnderperformingGroupIssueManager,find_issues,B,6,115,168
cleanlab/experimental/label_issues_batched.py,method,LabelInspector,_update_num_label_issues_multiprocessing,B,6,716,764
cleanlab/internal/segmentation_utils.py,function,,_check_input,B,6,36,58
cleanlab/internal/util.py,function,,get_missing_classes,B,6,180,191
cleanlab/internal/util.py,function,,append_extra_datapoint,B,6,493,515
cleanlab/internal/util.py,function,,get_unique_classes,B,6,548,560
cleanlab/internal/validation.py,function,,labels_to_array,B,6,173,200
cleanlab/multilabel_classification/dataset.py,function,,multilabel_health_summary,B,6,246,325
cleanlab/object_detection/rank.py,function,,_has_overlap,B,6,371,385
cleanlab/object_detection/rank.py,function,,_compute_swap_box_scores_for_image,B,6,825,889
cleanlab/regression/learn.py,method,CleanLearning,_prepare_fit_kwargs,B,6,303,322
cleanlab/regression/learn.py,method,CleanLearning,_resolve_label_issues_for_fit,B,6,334,363
cleanlab/segmentation/rank.py,function,,get_label_quality_scores,B,6,14,130
cleanlab/segmentation/rank.py,function,,issues_from_scores,B,6,133,186
cleanlab/classification.py,method,CleanLearning,_set_noise_state_from_matrices,B,7,1057,1074
cleanlab/classification.py,method,CleanLearning,_find_label_issues_low_memory,B,7,1192,1234
cleanlab/count.py,function,,compute_confident_joint,B,7,445,622
cleanlab/dataset.py,function,,overall_label_health_score,B,7,286,358
cleanlab/filter.py,function,,_prune_by_count,B,7,964,1004
cleanlab/multiannotator.py,function,,get_label_quality_multiannotator,B,7,46,206
cleanlab/multiannotator.py,function,,_get_label_quality_multiannotator_results,B,7,209,329
cleanlab/multiannotator.py,function,,_get_active_learning_scores_ensemble_labeled,B,7,893,964
cleanlab/multiannotator.py,function,,_get_post_pred_probs_and_weights,B,7,1634,1764
cleanlab/multiannotator.py,function,,_get_post_pred_probs_and_weights_ensemble,B,7,1767,1878
cleanlab/outlier.py,method,OutOfDistribution,_assert_valid_inputs,B,7,294,308
cleanlab/rank.py,function,,_validate_ensemble_inputs,B,7,158,185
cleanlab/rank.py,function,,_compute_log_loss_search_weights,B,7,191,228
cleanlab/benchmarking/noise_generation.py,function,,generate_noisy_labels,B,7,93,172
cleanlab/datalab/internal/data.py,method,MultiLabel,_extract_labels,B,7,323,335
cleanlab/datalab/internal/data.py,method,MultiClass,_extract_labels,B,7,342,390
cleanlab/datalab/internal/data_issues.py,method,_ClassificationInfoStrategy,get_info,B,7,92,114
cleanlab/datalab/internal/issue_finder.py,method,IssueFinder,find_issues,B,7,232,320
cleanlab/datalab/internal/issue_finder.py,method,IssueFinder,_set_issue_types,B,7,322,367
cleanlab/datalab/internal/issue_manager/issue_manager.py,method,IssueManager,_format_additional_info,B,7,221,244
cleanlab/datalab/internal/issue_manager/issue_manager.py,method,IssueManager,report,B,7,247,342
cleanlab/datalab/internal/issue_manager/label.py,method,LabelIssueManager,_get_summary_parameters,B,7,198,237
cleanlab/internal/util.py,function,,train_val_split,B,7,402,434
cleanlab/multilabel_classification/filter.py,function,,find_label_issues,B,7,13,152
cleanlab/object_detection/filter.py,function,,_calculate_ap_per_class,B,7,245,298
cleanlab/object_detection/summary.py,function,,plot_class_size_distributions,B,7,239,293
cleanlab/object_detection/summary.py,function,,get_average_per_class_confusion_matrix,B,7,558,628
cleanlab/regression/learn.py,method,CleanLearning,__init__,B,7,136,170
cleanlab/segmentation/filter.py,function,,_apply_ranked_issues_to_mask,B,7,114,159
cleanlab/segmentation/rank.py,function,,_get_label_quality_per_image,B,7,189,231
cleanlab/token_classification/summary.py,function,,display_issues,B,7,119,220
cleanlab/classification.py,method,CleanLearning,_get_label_issues_for_fit,B,8,474,520
cleanlab/dataset.py,function,,health_summary,B,8,361,487
cleanlab/filter.py,function,,_resolve_find_label_issues_n_jobs,B,8,126,151
cleanlab/filter.py,function,,_run_multiclass_pruning,B,8,314,344
cleanlab/outlier.py,method,OutOfDistribution,_shared_fit,B,8,312,369
cleanlab/benchmarking/noise_generation.py,function,,randomly_distribute_N_balls_into_K_bins,B,8,432,486
cleanlab/datalab/internal/data_issues.py,method,_MultilabelInfoStrategy,get_info,B,8,140,162
cleanlab/datalab/internal/issue_manager/issue_manager.py,method,IssueManagerMeta,__new__,B,8,34,64
cleanlab/datalab/internal/issue_manager/issue_manager.py,method,IssueManager,_truncate_value,B,8,203,218
cleanlab/datalab/internal/issue_manager/noniid.py,method,NonIIDIssueManager,_build_statistics_dictionary,B,8,287,310
cleanlab/datalab/internal/issue_manager/outlier.py,method,OutlierIssueManager,_build_statistics_dictionary,B,8,300,324
cleanlab/datalab/internal/issue_manager/underperforming_group.py,method,UnderperformingGroupIssueManager,_build_statistics_dictionary,B,8,306,328
cleanlab/multilabel_classification/dataset.py,function,,rank_classes_by_multilabel_quality,B,8,100,186
cleanlab/segmentation/filter.py,function,,_estimate_ranked_label_issues,B,8,61,111
cleanlab/token_classification/rank.py,function,,issues_from_scores,B,8,135,228
cleanlab/classification.py,method,CleanLearning,_validate_fit_args,B,9,446,472
cleanlab/classification.py,method,CleanLearning,_prepare_find_label_issues_inputs,B,9,1166,1190
cleanlab/count.py,function,,num_label_issues,B,9,50,173
cleanlab/filter.py,function,,_prepare_multiclass_pruning_args,B,9,275,310
cleanlab/multiannotator.py,function,,get_majority_vote_label,B,9,1223,1300
cleanlab/multiannotator.py,function,,_get_annotator_quality,B,9,1962,2076
cleanlab/datalab/internal/serialize.py,method,_Serializer,deserialize,B,9,88,122
cleanlab/internal/object_detection_utils.py,function,,assert_valid_inputs,B,9,49,86
cleanlab/internal/util.py,function,,value_counts,B,9,113,168
cleanlab/object_detection/filter.py,function,,_calculate_true_positives_false_positives,B,9,315,358
cleanlab/object_detection/rank.py,function,,_prune_by_threshold,B,9,217,245
cleanlab/regression/learn.py,method,CleanLearning,_process_label_issues_arg,B,9,939,972
cleanlab/dataset.py,function,,find_overlapping_classes,B,10,111,283
cleanlab/multiannotator.py,function,,get_active_learning_scores,B,10,728,890
cleanlab/internal/latent_algebra.py,function,,compute_py,B,10,176,256
cleanlab/internal/multiannotator_utils.py,function,,_validate_pred_probs_multiannotator,B,10,28,67
cleanlab/internal/validation.py,function,,assert_valid_class_labels,B,10,94,122
cleanlab/internal/validation.py,function,,assert_indexing_works,B,10,131,170
cleanlab/segmentation/summary.py,function,,display_issues,B,10,15,130
cleanlab/segmentation/summary.py,function,,_display_issue,B,10,143,188
cleanlab/token_classification/summary.py,function,,_token_issue_rows_with_labels,B,10,70,115
cleanlab/classification.py,method,CleanLearning,_prepare_final_model_sample_weight,C,11,527,564
cleanlab/count.py,function,,estimate_confident_joint_and_cv_pred_proba,C,11,888,1066
cleanlab/outlier.py,function,,_get_ood_predictions_scores,C,11,482,581
cleanlab/datalab/internal/data_issues.py,method,DataIssues,get_issues,C,11,209,274
cleanlab/datalab/internal/issue_finder.py,function,,_resolve_required_args_for_regression,C,11,115,137
cleanlab/datalab/internal/issue_finder.py,function,,_resolve_required_args_for_multilabel,C,11,140,162
cleanlab/datalab/internal/issue_manager/outlier.py,method,OutlierIssueManager,find_issues,C,11,132,219
cleanlab/datalab/internal/issue_manager/regression/label.py,method,RegressionLabelIssueManager,find_issues,C,11,61,120
cleanlab/internal/multiannotator_utils.py,function,,assert_valid_inputs_multiannotator,C,11,103,161
cleanlab/internal/multiannotator_utils.py,function,,format_multiannotator_labels,C,11,216,258
cleanlab/object_detection/summary.py,function,,_plot_legend,C,11,713,744
cleanlab/rank.py,function,,_aggregate_ensemble_scores,C,12,259,308
cleanlab/internal/multiannotator_utils.py,function,,assert_valid_pred_probs,C,12,164,213
cleanlab/object_detection/rank.py,function,,_get_valid_inputs_for_compute_scores_per_image,C,12,428,483
cleanlab/token_classification/rank.py,function,,get_label_quality_scores,C,12,15,132
cleanlab/classification.py,method,CleanLearning,_process_label_issues_arg,C,13,1315,1354
cleanlab/filter.py,function,,_validate_find_label_issues_inputs,C,13,57,123
cleanlab/outlier.py,method,OutOfDistribution,_get_ood_features_scores,C,13,371,479
cleanlab/experimental/label_issues_batched.py,method,LabelInspector,__init__,C,13,385,451
cleanlab/object_detection/summary.py,function,,visualize,C,13,335,439
cleanlab/regression/learn.py,method,CleanLearning,_get_cv_predictions,C,13,700,801
cleanlab/token_classification/filter.py,function,,find_label_issues,C,13,15,101
cleanlab/datalab/internal/adapter/imagelab.py,method,ImagelabIssueFinderAdapter,find_issues,C,14,332,411
cleanlab/experimental/label_issues_batched.py,function,,_load_batched_inputs,C,14,209,251
cleanlab/experimental/mnist_pytorch.py,method,CNN,fit,C,14,379,447
cleanlab/internal/validation.py,function,,_validate_pred_probs,C,14,67,91
cleanlab/regression/learn.py,method,CleanLearning,find_label_issues,C,14,437,592
cleanlab/segmentation/summary.py,function,,common_label_issues,C,14,191,297
cleanlab/experimental/mnist_pytorch.py,method,CNN,predict_proba,C,15,457,500
cleanlab/filter.py,function,,_find_label_issues_multiclass,C,16,154,272
cleanlab/token_classification/summary.py,function,,_display_token_issue,C,16,223,259
cleanlab/datalab/internal/issue_finder.py,function,,_resolve_required_args_for_classification,C,17,73,112
cleanlab/benchmarking/noise_generation.py,function,,generate_noise_matrix_from_trace,C,19,175,337
cleanlab/datalab/internal/issue_finder.py,method,IssueFinder,get_available_issue_types,D,24,396,489
