arquivo,escopo,nome,h1,h2,N1,N2,vocabulary,length,calculated_length,volume,difficulty,effort,time,bugs
cleanlab/classification.py,funcao,__init__,3,6,5,7,9,12,20.2647,38.0391,1.75,66.5684,3.6982,0.0127
cleanlab/classification.py,funcao,fit,7,31,32,65,38,97,173.2316,509.049,7.3387,3735.7626,207.5424,0.1697
cleanlab/classification.py,funcao,predict,2,4,2,4,6,6,10.0,15.5098,1.0,15.5098,0.8617,0.0052
cleanlab/classification.py,funcao,predict_proba,2,4,2,4,6,6,10.0,15.5098,1.0,15.5098,0.8617,0.0052
cleanlab/classification.py,funcao,score,1,2,1,2,3,3,2.0,4.7549,0.5,2.3774,0.1321,0.0016
cleanlab/classification.py,funcao,find_label_issues,10,35,41,80,45,121,212.7442,664.5142,11.4286,7594.4483,421.9138,0.2215
cleanlab/classification.py,funcao,get_label_issues,1,2,1,2,3,3,2.0,4.7549,0.5,2.3774,0.1321,0.0016
cleanlab/classification.py,funcao,save_space,2,4,2,4,6,6,10.0,15.5098,1.0,15.5098,0.8617,0.0052
cleanlab/classification.py,funcao,_process_label_issues_kwargs,1,3,2,4,4,6,4.7549,12.0,0.6667,8.0,0.4444,0.004
cleanlab/classification.py,funcao,_process_label_issues_arg,7,21,13,25,28,38,111.8902,182.6795,4.1667,761.1645,42.2869,0.0609
cleanlab/count.py,funcao,num_label_issues,6,13,10,19,19,29,63.6155,123.1899,4.3846,540.1403,30.0078,0.0411
cleanlab/count.py,funcao,_num_label_issues_multilabel,0,0,0,0,0,0,0,0,0,0,0,0
cleanlab/count.py,funcao,_reduce_issues,2,4,2,4,6,6,10.0,15.5098,1.0,15.5098,0.8617,0.0052
cleanlab/count.py,funcao,calibrate_confident_joint,3,9,5,9,12,14,33.2842,50.1895,1.5,75.2842,4.1825,0.0167
cleanlab/count.py,funcao,_calibrate_confident_joint_multilabel,0,0,0,0,0,0,0,0,0,0,0,0
cleanlab/count.py,funcao,estimate_joint,4,6,4,7,10,11,23.5098,36.5412,2.3333,85.2628,4.7368,0.0122
cleanlab/count.py,funcao,_estimate_joint_multilabel,1,2,1,2,3,3,2.0,4.7549,0.5,2.3774,0.1321,0.0016
cleanlab/count.py,funcao,compute_confident_joint,7,12,8,15,19,23,62.671,97.7023,4.375,427.4477,23.7471,0.0326
cleanlab/count.py,funcao,_compute_confident_joint_multi_label,0,0,0,0,0,0,0,0,0,0,0,0
cleanlab/count.py,funcao,estimate_latent,1,6,3,6,7,9,15.5098,25.2662,0.5,12.6331,0.7018,0.0084
cleanlab/count.py,funcao,estimate_py_and_noise_matrices_from_probabilities,0,0,0,0,0,0,0,0,0,0,0,0
cleanlab/count.py,funcao,estimate_confident_joint_and_cv_pred_proba,4,7,4,7,11,11,27.6515,38.0537,2.0,76.1075,4.2282,0.0127
cleanlab/count.py,funcao,estimate_py_noise_matrices_and_cv_pred_proba,0,0,0,0,0,0,0,0,0,0,0,0
cleanlab/count.py,funcao,estimate_cv_predicted_probabilities,1,1,1,1,2,2,0,2.0,0.5,1.0,0.0556,0.0007
cleanlab/count.py,funcao,estimate_noise_matrices,1,1,1,1,2,2,0,2.0,0.5,1.0,0.0556,0.0007
cleanlab/count.py,funcao,_converge_estimates,0,0,0,0,0,0,0,0,0,0,0,0
cleanlab/count.py,funcao,get_confident_thresholds,2,3,2,4,5,6,6.7549,13.9316,1.3333,18.5754,1.032,0.0046
cleanlab/count.py,funcao,_get_confident_thresholds_multilabel,0,0,0,0,0,0,0,0,0,0,0,0
cleanlab/dataset.py,funcao,rank_classes_by_label_quality,5,14,10,20,19,30,64.9126,127.4378,3.5714,455.1351,25.2853,0.0425
cleanlab/dataset.py,funcao,find_overlapping_classes,6,11,7,14,17,21,53.5635,85.8367,3.8182,327.7402,18.2078,0.0286
cleanlab/dataset.py,funcao,overall_label_health_score,5,13,10,20,18,30,59.7154,125.0978,3.8462,481.1452,26.7303,0.0417
cleanlab/dataset.py,funcao,health_summary,4,33,21,42,37,63,174.465,328.1956,2.5455,835.4069,46.4115,0.1094
cleanlab/dataset.py,funcao,_get_num_examples,3,5,4,8,8,12,16.3645,36.0,2.4,86.4,4.8,0.012
cleanlab/data_valuation.py,funcao,_knn_shapley_score,5,11,9,16,16,25,49.6634,100.0,3.6364,363.6364,20.202,0.0333
cleanlab/data_valuation.py,funcao,data_shapley_knn,5,9,7,13,14,20,40.139,76.1471,3.6111,274.9756,15.2764,0.0254
cleanlab/filter.py,funcao,find_label_issues,17,70,62,121,87,183,498.5367,1179.0587,14.6929,17323.7405,962.43,0.393
cleanlab/filter.py,funcao,_find_label_issues_multilabel,6,9,6,11,15,17,44.0391,66.4171,3.6667,243.5295,13.5294,0.0221
cleanlab/filter.py,funcao,_keep_at_least_n_per_class,3,10,5,10,13,15,37.9742,55.5066,1.5,83.2599,4.6255,0.0185
cleanlab/filter.py,funcao,_reduce_prune_counts,3,5,3,6,8,9,16.3645,27.0,1.8,48.6,2.7,0.009
cleanlab/filter.py,funcao,find_predicted_neq_given,2,3,2,3,5,5,6.7549,11.6096,1.0,11.6096,0.645,0.0039
cleanlab/filter.py,funcao,_find_predicted_neq_given_multilabel,1,2,1,2,3,3,2.0,4.7549,0.5,2.3774,0.1321,0.0016
cleanlab/filter.py,funcao,find_label_issues_using_argmax_confusion_matrix,0,0,0,0,0,0,0,0,0,0,0,0
cleanlab/filter.py,funcao,_to_np_array,1,2,1,2,3,3,2.0,4.7549,0.5,2.3774,0.1321,0.0016
cleanlab/filter.py,funcao,_init,0,0,0,0,0,0,0,0,0,0,0,0
cleanlab/filter.py,funcao,_get_shared_data,0,0,0,0,0,0,0,0,0,0,0,0
cleanlab/filter.py,funcao,_prune_by_class,4,7,4,8,11,12,27.6515,41.5132,2.2857,94.8873,5.2715,0.0138
cleanlab/filter.py,funcao,_prune_by_count,8,15,8,15,23,23,82.6034,104.0419,4.0,416.1677,23.1204,0.0347
cleanlab/filter.py,funcao,_multiclass_crossval_predict,1,2,2,4,3,6,2.0,9.5098,1.0,9.5098,0.5283,0.0032
cleanlab/multiannotator.py,funcao,get_label_quality_multiannotator,7,17,12,22,24,34,89.1384,155.8887,4.5294,706.0842,39.2269,0.052
cleanlab/multiannotator.py,funcao,get_label_quality_multiannotator_ensemble,2,5,3,5,7,8,13.6096,22.4588,1.0,22.4588,1.2477,0.0075
cleanlab/multiannotator.py,funcao,get_active_learning_scores,8,14,12,21,22,33,77.303,147.1612,6.0,882.9675,49.0537,0.0491
cleanlab/multiannotator.py,funcao,get_active_learning_scores_ensemble,8,14,12,21,22,33,77.303,147.1612,6.0,882.9675,49.0537,0.0491
cleanlab/multiannotator.py,funcao,get_majority_vote_label,7,35,29,50,42,79,199.1764,425.9931,5.0,2129.9654,118.3314,0.142
cleanlab/multiannotator.py,funcao,convert_long_to_wide_dataset,0,0,0,0,0,0,0,0,0,0,0,0
cleanlab/multiannotator.py,funcao,_get_consensus_stats,0,0,0,0,0,0,0,0,0,0,0,0
cleanlab/multiannotator.py,funcao,_get_annotator_stats,2,4,3,4,6,7,10.0,18.0947,1.0,18.0947,1.0053,0.006
cleanlab/multiannotator.py,funcao,_get_annotator_agreement_with_consensus,4,6,4,7,10,11,23.5098,36.5412,2.3333,85.2628,4.7368,0.0122
cleanlab/multiannotator.py,funcao,_get_annotator_agreement_with_annotators,2,4,3,4,6,7,10.0,18.0947,1.0,18.0947,1.0053,0.006
cleanlab/multiannotator.py,funcao,_get_single_annotator_agreement,5,11,8,16,16,24,49.6634,96.0,3.6364,349.0909,19.3939,0.032
cleanlab/multiannotator.py,funcao,_get_post_pred_probs_and_weights,8,39,28,52,47,80,230.1307,444.3671,5.3333,2369.9579,131.6643,0.1481
cleanlab/multiannotator.py,funcao,_get_post_pred_probs_and_weights_ensemble,7,22,16,31,29,47,117.759,228.3251,4.9318,1126.0579,62.5588,0.0761
cleanlab/multiannotator.py,funcao,_get_consensus_quality_score,1,3,2,4,4,6,4.7549,12.0,0.6667,8.0,0.4444,0.004
cleanlab/multiannotator.py,funcao,_get_annotator_label_quality_score,1,1,1,1,2,2,0,2.0,0.5,1.0,0.0556,0.0007
cleanlab/multiannotator.py,funcao,_get_annotator_quality,8,30,20,37,38,57,171.2067,299.1319,4.9333,1475.7172,81.9843,0.0997
cleanlab/multiannotator.py,funcao,_get_annotator_worst_class,0,0,0,0,0,0,0,0,0,0,0,0
cleanlab/multiannotator.py,funcao,_get_single_annotator_worst_class,1,11,6,12,12,18,38.0537,64.5293,0.5455,35.1978,1.9554,0.0215
cleanlab/outlier.py,funcao,__init__,3,6,3,6,9,9,20.2647,28.5293,1.5,42.794,2.3774,0.0095
cleanlab/outlier.py,funcao,fit_score,1,2,1,2,3,3,2.0,4.7549,0.5,2.3774,0.1321,0.0016
cleanlab/outlier.py,funcao,fit,0,0,0,0,0,0,0,0,0,0,0,0
cleanlab/outlier.py,funcao,score,3,7,5,10,10,15,24.4064,49.8289,2.1429,106.7763,5.932,0.0166
cleanlab/outlier.py,funcao,_get_params,1,2,1,2,3,3,2.0,4.7549,0.5,2.3774,0.1321,0.0016
cleanlab/outlier.py,funcao,_assert_valid_params,2,4,2,4,6,6,10.0,15.5098,1.0,15.5098,0.8617,0.0052
cleanlab/outlier.py,funcao,_assert_valid_inputs,4,11,9,18,15,27,46.0537,105.486,3.2727,345.2271,19.1793,0.0352
cleanlab/outlier.py,funcao,_shared_fit,2,6,5,10,8,15,17.5098,45.0,1.6667,75.0,4.1667,0.015
cleanlab/outlier.py,funcao,_get_ood_features_scores,6,12,9,17,18,26,58.5293,108.4181,4.25,460.7767,25.5987,0.0361
cleanlab/outlier.py,funcao,_get_ood_predictions_scores,12,23,19,36,35,55,147.0615,282.1106,9.3913,2649.3862,147.1881,0.094
cleanlab/rank.py,funcao,get_label_quality_scores,0,0,0,0,0,0,0,0,0,0,0,0
cleanlab/rank.py,funcao,_compute_label_quality_scores,1,2,1,2,3,3,2.0,4.7549,0.5,2.3774,0.1321,0.0016
cleanlab/rank.py,funcao,get_label_quality_ensemble_scores,8,33,25,49,41,74,190.465,396.4588,5.9394,2354.7253,130.8181,0.1322
cleanlab/rank.py,funcao,find_top_issues,3,5,3,6,8,9,16.3645,27.0,1.8,48.6,2.7,0.009
cleanlab/rank.py,funcao,order_label_issues,2,4,2,4,6,6,10.0,15.5098,1.0,15.5098,0.8617,0.0052
cleanlab/rank.py,funcao,get_self_confidence_for_each_label,0,0,0,0,0,0,0,0,0,0,0,0
cleanlab/rank.py,funcao,get_normalized_margin_for_each_label,5,10,7,13,15,20,44.8289,78.1378,3.25,253.9479,14.1082,0.026
cleanlab/rank.py,funcao,get_confidence_weighted_entropy_for_each_label,2,6,3,6,8,9,17.5098,27.0,1.0,27.0,1.5,0.009
cleanlab/__init__.py,funcao,__init__,0,0,0,0,0,0,0,0,0,0,0,0
cleanlab/__init__.py,funcao,__getattr__,1,2,1,2,3,3,2.0,4.7549,0.5,2.3774,0.1321,0.0016
cleanlab/__init__.py,funcao,__call__,1,2,1,2,3,3,2.0,4.7549,0.5,2.3774,0.1321,0.0016
cleanlab/__init__.py,funcao,_datalab_import_factory,0,0,0,0,0,0,0,0,0,0,0,0
cleanlab/__init__.py,funcao,_issue_manager_import_factory,0,0,0,0,0,0,0,0,0,0,0,0
cleanlab/benchmarking/noise_generation.py,funcao,noise_matrix_is_valid,6,33,26,50,39,76,181.9748,401.6906,4.5455,1825.8662,101.437,0.1339
cleanlab/benchmarking/noise_generation.py,funcao,generate_noisy_labels,7,18,9,19,25,28,94.7101,130.028,3.6944,480.3811,26.6878,0.0433
cleanlab/benchmarking/noise_generation.py,funcao,generate_noise_matrix_from_trace,14,37,36,71,51,107,246.0527,606.9495,13.4324,8152.8083,452.9338,0.2023
cleanlab/benchmarking/noise_generation.py,funcao,generate_n_rand_probabilities_that_sum_to_m,7,56,42,84,63,126,344.8634,753.1373,5.25,3953.9707,219.665,0.251
cleanlab/benchmarking/noise_generation.py,funcao,randomly_distribute_N_balls_into_K_bins,9,17,15,30,26,45,98.0162,211.5198,7.9412,1679.716,93.3176,0.0705
cleanlab/datalab/datalab.py,funcao,__init__,0,0,0,0,0,0,0,0,0,0,0,0
cleanlab/datalab/datalab.py,funcao,__repr__,0,0,0,0,0,0,0,0,0,0,0,0
cleanlab/datalab/datalab.py,funcao,__str__,0,0,0,0,0,0,0,0,0,0,0,0
cleanlab/datalab/datalab.py,funcao,labels,0,0,0,0,0,0,0,0,0,0,0,0
cleanlab/datalab/datalab.py,funcao,has_labels,0,0,0,0,0,0,0,0,0,0,0,0
cleanlab/datalab/datalab.py,funcao,class_names,0,0,0,0,0,0,0,0,0,0,0,0
cleanlab/datalab/datalab.py,funcao,find_issues,3,4,3,5,7,8,12.7549,22.4588,1.875,42.1103,2.3395,0.0075
cleanlab/datalab/datalab.py,funcao,report,1,2,1,2,3,3,2.0,4.7549,0.5,2.3774,0.1321,0.0016
cleanlab/datalab/datalab.py,funcao,issues,0,0,0,0,0,0,0,0,0,0,0,0
cleanlab/datalab/datalab.py,funcao,issue_summary,0,0,0,0,0,0,0,0,0,0,0,0
cleanlab/datalab/datalab.py,funcao,info,0,0,0,0,0,0,0,0,0,0,0,0
cleanlab/datalab/datalab.py,funcao,get_issues,3,5,3,6,8,9,16.3645,27.0,1.8,48.6,2.7,0.009
cleanlab/datalab/datalab.py,funcao,get_issue_summary,0,0,0,0,0,0,0,0,0,0,0,0
cleanlab/datalab/datalab.py,funcao,get_info,0,0,0,0,0,0,0,0,0,0,0,0
cleanlab/datalab/datalab.py,funcao,list_possible_issue_types,1,2,1,2,3,3,2.0,4.7549,0.5,2.3774,0.1321,0.0016
cleanlab/datalab/datalab.py,funcao,list_default_issue_types,1,2,1,2,3,3,2.0,4.7549,0.5,2.3774,0.1321,0.0016
cleanlab/datalab/datalab.py,funcao,save,0,0,0,0,0,0,0,0,0,0,0,0
cleanlab/datalab/datalab.py,funcao,load,0,0,0,0,0,0,0,0,0,0,0,0
cleanlab/datalab/internal/data.py,funcao,__init__,0,0,0,0,0,0,0,0,0,0,0,0
cleanlab/datalab/internal/data.py,funcao,_load_data,1,1,1,1,2,2,0,2.0,0.5,1.0,0.0556,0.0007
cleanlab/datalab/internal/data.py,funcao,__len__,1,2,1,2,3,3,2.0,4.7549,0.5,2.3774,0.1321,0.0016
cleanlab/datalab/internal/data.py,funcao,__eq__,1,2,2,4,3,6,2.0,9.5098,1.0,9.5098,0.5283,0.0032
cleanlab/datalab/internal/data.py,funcao,__hash__,0,0,0,0,0,0,0,0,0,0,0,0
cleanlab/datalab/internal/data.py,funcao,class_names,0,0,0,0,0,0,0,0,0,0,0,0
cleanlab/datalab/internal/data.py,funcao,has_labels,0,0,0,0,0,0,0,0,0,0,0,0
cleanlab/datalab/internal/data.py,funcao,_validate_data,1,1,1,1,2,2,0,2.0,0.5,1.0,0.0556,0.0007
cleanlab/datalab/internal/data.py,funcao,_load_dataset_from_dict,0,0,0,0,0,0,0,0,0,0,0,0
cleanlab/datalab/internal/data.py,funcao,_load_dataset_from_list,0,0,0,0,0,0,0,0,0,0,0,0
cleanlab/datalab/internal/data.py,funcao,_load_dataset_from_string,2,3,2,3,5,5,6.7549,11.6096,1.0,11.6096,0.645,0.0039
cleanlab/datalab/internal/data.py,funcao,__getitem__,0,0,0,0,0,0,0,0,0,0,0,0
cleanlab/datalab/internal/data.py,funcao,__bool__,0,0,0,0,0,0,0,0,0,0,0,0
cleanlab/datalab/internal/data.py,funcao,is_available,4,13,8,15,17,23,56.1057,94.0116,2.3077,216.95,12.0528,0.0313
cleanlab/datalab/internal/data.py,funcao,_validate_labels,2,4,2,4,6,6,10.0,15.5098,1.0,15.5098,0.8617,0.0052
cleanlab/datalab/internal/data.py,funcao,_extract_labels,2,3,2,3,5,5,6.7549,11.6096,1.0,11.6096,0.645,0.0039
cleanlab/datalab/internal/data.py,funcao,_is_valid_label_column,1,3,2,4,4,6,4.7549,12.0,0.6667,8.0,0.4444,0.004
cleanlab/datalab/internal/data.py,funcao,_convert_column_to_list,2,7,4,8,9,12,21.6515,38.0391,1.1429,43.4733,2.4152,0.0127
cleanlab/datalab/internal/data_issues.py,funcao,get_info,0,0,0,0,0,0,0,0,0,0,0,0
cleanlab/datalab/internal/data_issues.py,funcao,_get_info_helper,2,3,2,4,5,6,6.7549,13.9316,1.3333,18.5754,1.032,0.0046
cleanlab/datalab/internal/data_issues.py,funcao,__init__,0,0,0,0,0,0,0,0,0,0,0,0
cleanlab/datalab/internal/data_issues.py,funcao,statistics,0,0,0,0,0,0,0,0,0,0,0,0
cleanlab/datalab/internal/data_issues.py,funcao,get_issues,5,8,7,13,13,20,35.6096,74.0088,4.0625,300.6607,16.7034,0.0247
cleanlab/datalab/internal/data_issues.py,funcao,get_issue_summary,3,4,3,5,7,8,12.7549,22.4588,1.875,42.1103,2.3395,0.0075
cleanlab/datalab/internal/data_issues.py,funcao,collect_statistics,0,0,0,0,0,0,0,0,0,0,0,0
cleanlab/datalab/internal/data_issues.py,funcao,_update_issues,1,2,1,2,3,3,2.0,4.7549,0.5,2.3774,0.1321,0.0016
cleanlab/datalab/internal/data_issues.py,funcao,_update_issue_info,1,2,1,2,3,3,2.0,4.7549,0.5,2.3774,0.1321,0.0016
cleanlab/datalab/internal/data_issues.py,funcao,collect_issues_from_issue_manager,2,3,2,4,5,6,6.7549,13.9316,1.3333,18.5754,1.032,0.0046
cleanlab/datalab/internal/data_issues.py,funcao,collect_issues_from_imagelab,0,0,0,0,0,0,0,0,0,0,0,0
cleanlab/datalab/internal/data_issues.py,funcao,set_health_score,0,0,0,0,0,0,0,0,0,0,0,0
cleanlab/datalab/internal/data_issues.py,funcao,get_data_statistics,0,0,0,0,0,0,0,0,0,0,0,0
cleanlab/datalab/internal/display.py,funcao,__init__,0,0,0,0,0,0,0,0,0,0,0,0
cleanlab/datalab/internal/display.py,funcao,checks_run,1,1,1,1,2,2,0,2.0,0.5,1.0,0.0556,0.0007
cleanlab/datalab/internal/display.py,funcao,num_examples,0,0,0,0,0,0,0,0,0,0,0,0
cleanlab/datalab/internal/display.py,funcao,num_classes,0,0,0,0,0,0,0,0,0,0,0,0
cleanlab/datalab/internal/display.py,funcao,issues_identified,0,0,0,0,0,0,0,0,0,0,0,0
cleanlab/datalab/internal/display.py,funcao,show_task,0,0,0,0,0,0,0,0,0,0,0,0
cleanlab/datalab/internal/display.py,funcao,show_checks_run,0,0,0,0,0,0,0,0,0,0,0,0
cleanlab/datalab/internal/display.py,funcao,show_num_examples,1,2,1,2,3,3,2.0,4.7549,0.5,2.3774,0.1321,0.0016
cleanlab/datalab/internal/display.py,funcao,show_num_classes,1,2,1,2,3,3,2.0,4.7549,0.5,2.3774,0.1321,0.0016
cleanlab/datalab/internal/display.py,funcao,show_issues_identified,0,0,0,0,0,0,0,0,0,0,0,0
cleanlab/datalab/internal/display.py,funcao,represent,0,0,0,0,0,0,0,0,0,0,0,0
cleanlab/datalab/internal/display.py,funcao,to_string,2,5,3,6,7,9,13.6096,25.2662,1.2,30.3194,1.6844,0.0084
cleanlab/datalab/internal/display.py,funcao,_get_representation_strategy,1,2,1,2,3,3,2.0,4.7549,0.5,2.3774,0.1321,0.0016
cleanlab/datalab/internal/display.py,funcao,__repr__,0,0,0,0,0,0,0,0,0,0,0,0
cleanlab/datalab/internal/display.py,funcao,__str__,0,0,0,0,0,0,0,0,0,0,0,0
cleanlab/datalab/internal/helper_factory.py,funcao,issue_finder_factory,0,0,0,0,0,0,0,0,0,0,0,0
cleanlab/datalab/internal/helper_factory.py,funcao,report_factory,0,0,0,0,0,0,0,0,0,0,0,0
cleanlab/datalab/internal/helper_factory.py,funcao,__init__,0,0,0,0,0,0,0,0,0,0,0,0
cleanlab/datalab/internal/helper_factory.py,funcao,set_imagelab,0,0,0,0,0,0,0,0,0,0,0,0
cleanlab/datalab/internal/helper_factory.py,funcao,set_task,0,0,0,0,0,0,0,0,0,0,0,0
cleanlab/datalab/internal/helper_factory.py,funcao,build,0,0,0,0,0,0,0,0,0,0,0,0
cleanlab/datalab/internal/helper_factory.py,funcao,_data_issues_factory,0,0,0,0,0,0,0,0,0,0,0,0
cleanlab/datalab/internal/helper_factory.py,funcao,_select_info_strategy,1,2,1,2,3,3,2.0,4.7549,0.5,2.3774,0.1321,0.0016
cleanlab/datalab/internal/issue_finder.py,funcao,_resolve_required_args_for_classification,5,15,12,23,20,35,70.213,151.2675,3.8333,579.8587,32.2144,0.0504
cleanlab/datalab/internal/issue_finder.py,funcao,_resolve_required_args_for_regression,3,6,4,7,9,11,20.2647,34.8692,1.75,61.0211,3.3901,0.0116
cleanlab/datalab/internal/issue_finder.py,funcao,_resolve_required_args_for_multilabel,3,6,4,7,9,11,20.2647,34.8692,1.75,61.0211,3.3901,0.0116
cleanlab/datalab/internal/issue_finder.py,funcao,_select_strategy_for_resolving_required_args,1,2,1,2,3,3,2.0,4.7549,0.5,2.3774,0.1321,0.0016
cleanlab/datalab/internal/issue_finder.py,funcao,__init__,0,0,0,0,0,0,0,0,0,0,0,0
cleanlab/datalab/internal/issue_finder.py,funcao,find_issues,1,1,1,1,2,2,0,2.0,0.5,1.0,0.0556,0.0007
cleanlab/datalab/internal/issue_finder.py,funcao,_set_issue_types,2,5,3,6,7,9,13.6096,25.2662,1.2,30.3194,1.6844,0.0084
cleanlab/datalab/internal/issue_finder.py,funcao,_check_missing_args,1,2,1,2,3,3,2.0,4.7549,0.5,2.3774,0.1321,0.0016
cleanlab/datalab/internal/issue_finder.py,funcao,_validate_issue_types_dict,3,6,3,6,9,9,20.2647,28.5293,1.5,42.794,2.3774,0.0095
cleanlab/datalab/internal/issue_finder.py,funcao,get_available_issue_types,7,39,27,54,46,81,225.7822,447.4085,4.8462,2168.2105,120.4561,0.1491
cleanlab/datalab/internal/issue_manager_factory.py,funcao,from_str,1,4,2,4,5,6,8.0,13.9316,0.5,6.9658,0.387,0.0046
cleanlab/datalab/internal/issue_manager_factory.py,funcao,from_list,0,0,0,0,0,0,0,0,0,0,0,0
cleanlab/datalab/internal/issue_manager_factory.py,funcao,register,3,5,3,5,8,8,16.3645,24.0,1.5,36.0,2.0,0.008
cleanlab/datalab/internal/issue_manager_factory.py,funcao,list_possible_issue_types,0,0,0,0,0,0,0,0,0,0,0,0
cleanlab/datalab/internal/issue_manager_factory.py,funcao,list_default_issue_types,1,2,1,2,3,3,2.0,4.7549,0.5,2.3774,0.1321,0.0016
cleanlab/datalab/internal/model_outputs.py,funcao,validate,5,8,5,9,13,14,35.6096,51.8062,2.8125,145.7048,8.0947,0.0173
cleanlab/datalab/internal/model_outputs.py,funcao,collect,0,0,0,0,0,0,0,0,0,0,0,0
cleanlab/datalab/internal/report.py,funcao,__init__,0,0,0,0,0,0,0,0,0,0,0,0
cleanlab/datalab/internal/report.py,funcao,_get_empty_report,2,3,2,3,5,5,6.7549,11.6096,1.0,11.6096,0.645,0.0039
cleanlab/datalab/internal/report.py,funcao,report,0,0,0,0,0,0,0,0,0,0,0,0
cleanlab/datalab/internal/report.py,funcao,get_report,4,11,6,12,15,18,46.0537,70.324,2.1818,153.4342,8.5241,0.0234
cleanlab/datalab/internal/report.py,funcao,_write_summary,3,22,13,25,25,38,102.8624,176.4665,1.7045,300.7952,16.7108,0.0588
cleanlab/datalab/internal/report.py,funcao,_get_issue_types,4,8,4,8,12,12,32.0,43.0196,2.0,86.0391,4.78,0.0143
cleanlab/datalab/internal/serialize.py,funcao,_save_data_issues,0,0,0,0,0,0,0,0,0,0,0,0
cleanlab/datalab/internal/serialize.py,funcao,_save_data,0,0,0,0,0,0,0,0,0,0,0,0
cleanlab/datalab/internal/serialize.py,funcao,_validate_version,1,2,1,2,3,3,2.0,4.7549,0.5,2.3774,0.1321,0.0016
cleanlab/datalab/internal/serialize.py,funcao,serialize,1,2,2,2,3,4,2.0,6.3399,0.5,3.1699,0.1761,0.0021
cleanlab/datalab/internal/serialize.py,funcao,deserialize,4,13,8,13,17,21,56.1057,85.8367,2.0,171.6734,9.5374,0.0286
cleanlab/datalab/internal/spurious_correlation.py,funcao,__post_init__,3,6,4,6,9,10,20.2647,31.6993,1.5,47.5489,2.6416,0.0106
cleanlab/datalab/internal/spurious_correlation.py,funcao,calculate_correlations,1,2,1,2,3,3,2.0,4.7549,0.5,2.3774,0.1321,0.0016
cleanlab/datalab/internal/spurious_correlation.py,funcao,_get_baseline,1,2,1,2,3,3,2.0,4.7549,0.5,2.3774,0.1321,0.0016
cleanlab/datalab/internal/spurious_correlation.py,funcao,calculate_spurious_correlation,1,1,1,1,2,2,0,2.0,0.5,1.0,0.0556,0.0007
cleanlab/datalab/internal/spurious_correlation.py,funcao,_train_and_eval,0,0,0,0,0,0,0,0,0,0,0,0
cleanlab/datalab/internal/spurious_correlation.py,funcao,relative_room_for_improvement,4,6,5,10,10,15,23.5098,49.8289,3.3333,166.0964,9.2276,0.0166
cleanlab/datalab/internal/task.py,funcao,__str__,0,0,0,0,0,0,0,0,0,0,0,0
cleanlab/datalab/internal/task.py,funcao,from_str,0,0,0,0,0,0,0,0,0,0,0,0
cleanlab/datalab/internal/task.py,funcao,is_classification,1,2,1,2,3,3,2.0,4.7549,0.5,2.3774,0.1321,0.0016
cleanlab/datalab/internal/task.py,funcao,is_regression,1,2,1,2,3,3,2.0,4.7549,0.5,2.3774,0.1321,0.0016
cleanlab/datalab/internal/task.py,funcao,is_multilabel,1,2,1,2,3,3,2.0,4.7549,0.5,2.3774,0.1321,0.0016
cleanlab/datalab/internal/adapter/imagelab.py,funcao,create_imagelab,1,1,1,1,2,2,0,2.0,0.5,1.0,0.0556,0.0007
cleanlab/datalab/internal/adapter/imagelab.py,funcao,__init__,0,0,0,0,0,0,0,0,0,0,0,0
cleanlab/datalab/internal/adapter/imagelab.py,funcao,_update_issues_imagelab,0,0,0,0,0,0,0,0,0,0,0,0
cleanlab/datalab/internal/adapter/imagelab.py,funcao,filter_based_on_max_prevalence,2,5,3,6,7,9,13.6096,25.2662,1.2,30.3194,1.6844,0.0084
cleanlab/datalab/internal/adapter/imagelab.py,funcao,collect_issues_from_imagelab,3,5,3,5,8,8,16.3645,24.0,1.5,36.0,2.0,0.008
cleanlab/datalab/internal/adapter/imagelab.py,funcao,get_info,2,3,2,3,5,5,6.7549,11.6096,1.0,11.6096,0.645,0.0039
cleanlab/datalab/internal/adapter/imagelab.py,funcao,visualize,0,0,0,0,0,0,0,0,0,0,0,0
cleanlab/datalab/internal/adapter/imagelab.py,funcao,report,1,2,1,2,3,3,2.0,4.7549,0.5,2.3774,0.1321,0.0016
cleanlab/datalab/internal/adapter/imagelab.py,funcao,_print_correlation_summary,1,2,1,2,3,3,2.0,4.7549,0.5,2.3774,0.1321,0.0016
cleanlab/datalab/internal/adapter/imagelab.py,funcao,_visualize_extremes,0,0,0,0,0,0,0,0,0,0,0,0
cleanlab/datalab/internal/adapter/imagelab.py,funcao,_visualize,1,4,2,4,5,6,8.0,13.9316,0.5,6.9658,0.387,0.0046
cleanlab/datalab/internal/adapter/imagelab.py,funcao,_get_correlated_properties,2,4,2,4,6,6,10.0,15.5098,1.0,15.5098,0.8617,0.0052
cleanlab/datalab/internal/adapter/imagelab.py,funcao,_get_filtered_correlated_properties,0,0,0,0,0,0,0,0,0,0,0,0
cleanlab/datalab/internal/adapter/imagelab.py,funcao,_report_imagelab,0,0,0,0,0,0,0,0,0,0,0,0
cleanlab/datalab/internal/adapter/imagelab.py,funcao,_get_imagelab_issue_types,3,4,3,5,7,8,12.7549,22.4588,1.875,42.1103,2.3395,0.0075
cleanlab/datalab/internal/adapter/imagelab.py,funcao,find_issues,4,9,6,11,13,17,36.5293,62.9075,2.4444,153.7738,8.543,0.021
cleanlab/datalab/internal/adapter/imagelab.py,funcao,handle_spurious_correlations,0,0,0,0,0,0,0,0,0,0,0,0
cleanlab/datalab/internal/issue_manager/data_valuation.py,funcao,__init__,1,2,1,2,3,3,2.0,4.7549,0.5,2.3774,0.1321,0.0016
cleanlab/datalab/internal/issue_manager/data_valuation.py,funcao,find_issues,3,5,3,5,8,8,16.3645,24.0,1.5,36.0,2.0,0.008
cleanlab/datalab/internal/issue_manager/data_valuation.py,funcao,collect_info,0,0,0,0,0,0,0,0,0,0,0,0
cleanlab/datalab/internal/issue_manager/data_valuation.py,funcao,_build_statistics_dictionary,6,11,8,16,17,24,53.5635,98.0991,4.3636,428.0688,23.7816,0.0327
cleanlab/datalab/internal/issue_manager/duplicate.py,funcao,__init__,0,0,0,0,0,0,0,0,0,0,0,0
cleanlab/datalab/internal/issue_manager/duplicate.py,funcao,find_issues,2,2,2,3,4,5,4.0,10.0,1.5,15.0,0.8333,0.0033
cleanlab/datalab/internal/issue_manager/duplicate.py,funcao,_neighbors_within_radius,5,7,5,9,12,14,31.2611,50.1895,3.2143,161.3233,8.9624,0.0167
cleanlab/datalab/internal/issue_manager/duplicate.py,funcao,collect_info,1,1,2,2,2,4,0,4.0,1.0,4.0,0.2222,0.0013
cleanlab/datalab/internal/issue_manager/duplicate.py,funcao,_build_statistics_dictionary,6,11,8,16,17,24,53.5635,98.0991,4.3636,428.0688,23.7816,0.0327
cleanlab/datalab/internal/issue_manager/duplicate.py,funcao,_set_threshold,1,2,1,2,3,3,2.0,4.7549,0.5,2.3774,0.1321,0.0016
cleanlab/datalab/internal/issue_manager/duplicate.py,funcao,_compute_scores_with_exp_transform,4,6,4,7,10,11,23.5098,36.5412,2.3333,85.2628,4.7368,0.0122
cleanlab/datalab/internal/issue_manager/identifier_column.py,funcao,_is_sequential,5,8,7,13,13,20,35.6096,74.0088,4.0625,300.6607,16.7034,0.0247
cleanlab/datalab/internal/issue_manager/identifier_column.py,funcao,_prepare_features,2,4,3,4,6,7,10.0,18.0947,1.0,18.0947,1.0053,0.006
cleanlab/datalab/internal/issue_manager/identifier_column.py,funcao,find_issues,3,6,3,6,9,9,20.2647,28.5293,1.5,42.794,2.3774,0.0095
cleanlab/datalab/internal/issue_manager/imbalance.py,funcao,__init__,0,0,0,0,0,0,0,0,0,0,0,0
cleanlab/datalab/internal/issue_manager/imbalance.py,funcao,find_issues,6,12,8,14,18,22,58.5293,91.7384,3.5,321.0842,17.838,0.0306
cleanlab/datalab/internal/issue_manager/imbalance.py,funcao,collect_info,0,0,0,0,0,0,0,0,0,0,0,0
cleanlab/datalab/internal/issue_manager/issue_manager.py,funcao,__new__,3,6,4,6,9,10,20.2647,31.6993,1.5,47.5489,2.6416,0.0106
cleanlab/datalab/internal/issue_manager/issue_manager.py,funcao,__init__,0,0,0,0,0,0,0,0,0,0,0,0
cleanlab/datalab/internal/issue_manager/issue_manager.py,funcao,__repr__,0,0,0,0,0,0,0,0,0,0,0,0
cleanlab/datalab/internal/issue_manager/issue_manager.py,funcao,__init_subclass__,1,1,1,1,2,2,0,2.0,0.5,1.0,0.0556,0.0007
cleanlab/datalab/internal/issue_manager/issue_manager.py,funcao,find_issues,0,0,0,0,0,0,0,0,0,0,0,0
cleanlab/datalab/internal/issue_manager/issue_manager.py,funcao,collect_info,0,0,0,0,0,0,0,0,0,0,0,0
cleanlab/datalab/internal/issue_manager/issue_manager.py,funcao,make_summary,2,4,3,4,6,7,10.0,18.0947,1.0,18.0947,1.0053,0.006
cleanlab/datalab/internal/issue_manager/issue_manager.py,funcao,report,7,49,33,66,56,99,294.7723,574.9281,4.7143,2710.3755,150.5764,0.1916
cleanlab/datalab/internal/issue_manager/knn_graph_helpers.py,funcao,num_neighbors_in_knn_graph,1,2,1,2,3,3,2.0,4.7549,0.5,2.3774,0.1321,0.0016
cleanlab/datalab/internal/issue_manager/knn_graph_helpers.py,funcao,_process_knn_graph_from_inputs,3,7,5,9,10,14,24.4064,46.507,1.9286,89.6921,4.9829,0.0155
cleanlab/datalab/internal/issue_manager/knn_graph_helpers.py,funcao,knn_exists,1,2,1,2,3,3,2.0,4.7549,0.5,2.3774,0.1321,0.0016
cleanlab/datalab/internal/issue_manager/knn_graph_helpers.py,funcao,set_knn_graph,5,8,5,10,13,15,35.6096,55.5066,3.125,173.4581,9.6366,0.0185
cleanlab/datalab/internal/issue_manager/label.py,funcao,__init__,1,2,1,2,3,3,2.0,4.7549,0.5,2.3774,0.1321,0.0016
cleanlab/datalab/internal/issue_manager/label.py,funcao,_process_find_label_issues_kwargs,3,6,3,6,9,9,20.2647,28.5293,1.5,42.794,2.3774,0.0095
cleanlab/datalab/internal/issue_manager/label.py,funcao,_reset,2,3,2,3,5,5,6.7549,11.6096,1.0,11.6096,0.645,0.0039
cleanlab/datalab/internal/issue_manager/label.py,funcao,find_issues,8,13,13,24,21,37,72.1057,162.5157,7.3846,1200.1163,66.6731,0.0542
cleanlab/datalab/internal/issue_manager/label.py,funcao,get_health_summary,0,0,0,0,0,0,0,0,0,0,0,0
cleanlab/datalab/internal/issue_manager/label.py,funcao,_get_summary_parameters,1,4,3,6,5,9,8.0,20.8974,0.75,15.673,0.8707,0.007
cleanlab/datalab/internal/issue_manager/label.py,funcao,collect_info,1,2,1,2,3,3,2.0,4.7549,0.5,2.3774,0.1321,0.0016
cleanlab/datalab/internal/issue_manager/label.py,funcao,_validate_pred_probs,0,0,0,0,0,0,0,0,0,0,0,0
cleanlab/datalab/internal/issue_manager/noniid.py,funcao,simplified_kolmogorov_smirnov_test,1,2,1,2,3,3,2.0,4.7549,0.5,2.3774,0.1321,0.0016
cleanlab/datalab/internal/issue_manager/noniid.py,funcao,__init__,0,0,0,0,0,0,0,0,0,0,0,0
cleanlab/datalab/internal/issue_manager/noniid.py,funcao,_determine_optional_features,1,3,2,4,4,6,4.7549,12.0,0.6667,8.0,0.4444,0.004
cleanlab/datalab/internal/issue_manager/noniid.py,funcao,find_issues,3,5,3,5,8,8,16.3645,24.0,1.5,36.0,2.0,0.008
cleanlab/datalab/internal/issue_manager/noniid.py,funcao,_determine_if_knn_graph_storage_should_be_skipped,4,7,4,8,11,12,27.6515,41.5132,2.2857,94.8873,5.2715,0.0138
cleanlab/datalab/internal/issue_manager/noniid.py,funcao,collect_info,0,0,0,0,0,0,0,0,0,0,0,0
cleanlab/datalab/internal/issue_manager/noniid.py,funcao,_build_statistics_dictionary,6,14,10,20,20,30,68.8127,129.6578,4.2857,555.6765,30.8709,0.0432
cleanlab/datalab/internal/issue_manager/noniid.py,funcao,_permutation_test,3,5,3,5,8,8,16.3645,24.0,1.5,36.0,2.0,0.008
cleanlab/datalab/internal/issue_manager/noniid.py,funcao,_score_dataset,9,62,60,116,71,176,397.6895,1082.3555,8.4194,9112.735,506.2631,0.3608
cleanlab/datalab/internal/issue_manager/noniid.py,funcao,_get_neighbors,1,1,1,1,2,2,0,2.0,0.5,1.0,0.0556,0.0007
cleanlab/datalab/internal/issue_manager/noniid.py,funcao,_get_statistics,4,18,12,24,22,36,83.0587,160.5395,2.6667,428.1054,23.7836,0.0535
cleanlab/datalab/internal/issue_manager/null.py,funcao,_calculate_null_issues,3,4,3,6,7,9,12.7549,25.2662,2.25,56.8489,3.1583,0.0084
cleanlab/datalab/internal/issue_manager/null.py,funcao,find_issues,1,2,1,2,3,3,2.0,4.7549,0.5,2.3774,0.1321,0.0016
cleanlab/datalab/internal/issue_manager/null.py,funcao,_most_common_issue,1,2,1,2,3,3,2.0,4.7549,0.5,2.3774,0.1321,0.0016
cleanlab/datalab/internal/issue_manager/null.py,funcao,_column_impact,0,0,0,0,0,0,0,0,0,0,0,0
cleanlab/datalab/internal/issue_manager/null.py,funcao,collect_info,0,0,0,0,0,0,0,0,0,0,0,0
cleanlab/datalab/internal/issue_manager/null.py,funcao,report,1,2,2,4,3,6,2.0,9.5098,1.0,9.5098,0.5283,0.0032
cleanlab/datalab/internal/issue_manager/outlier.py,funcao,__init__,1,2,1,2,3,3,2.0,4.7549,0.5,2.3774,0.1321,0.0016
cleanlab/datalab/internal/issue_manager/outlier.py,funcao,find_issues,8,17,13,24,25,37,93.4869,171.8227,5.6471,970.2928,53.9052,0.0573
cleanlab/datalab/internal/issue_manager/outlier.py,funcao,_knn_graph_works,2,4,2,4,6,6,10.0,15.5098,1.0,15.5098,0.8617,0.0052
cleanlab/datalab/internal/issue_manager/outlier.py,funcao,_compute_threshold_and_issue_column_from_distances,10,17,11,20,27,31,102.7061,147.4015,5.8824,867.0677,48.1704,0.0491
cleanlab/datalab/internal/issue_manager/outlier.py,funcao,collect_info,3,6,5,8,9,13,20.2647,41.209,2.0,82.4181,4.5788,0.0137
cleanlab/datalab/internal/issue_manager/outlier.py,funcao,_build_statistics_dictionary,6,13,9,19,19,28,63.6155,118.942,4.3846,521.5148,28.973,0.0396
cleanlab/datalab/internal/issue_manager/outlier.py,funcao,_score_with_pred_probs,1,1,1,1,2,2,0,2.0,0.5,1.0,0.0556,0.0007
cleanlab/datalab/internal/issue_manager/underperforming_group.py,funcao,__init__,0,0,0,0,0,0,0,0,0,0,0,0
cleanlab/datalab/internal/issue_manager/underperforming_group.py,funcao,find_issues,3,6,5,8,9,13,20.2647,41.209,2.0,82.4181,4.5788,0.0137
cleanlab/datalab/internal/issue_manager/underperforming_group.py,funcao,perform_clustering,1,2,1,2,3,3,2.0,4.7549,0.5,2.3774,0.1321,0.0016
cleanlab/datalab/internal/issue_manager/underperforming_group.py,funcao,filter_cluster_ids,3,5,3,5,8,8,16.3645,24.0,1.5,36.0,2.0,0.008
cleanlab/datalab/internal/issue_manager/underperforming_group.py,funcao,get_underperforming_clusters,4,8,6,12,12,18,32.0,64.5293,3.0,193.588,10.7549,0.0215
cleanlab/datalab/internal/issue_manager/underperforming_group.py,funcao,collect_info,2,3,3,4,5,7,6.7549,16.2535,1.3333,21.6713,1.204,0.0054
cleanlab/datalab/internal/issue_manager/underperforming_group.py,funcao,_build_statistics_dictionary,6,13,9,19,19,28,63.6155,118.942,4.3846,521.5148,28.973,0.0396
cleanlab/datalab/internal/issue_manager/underperforming_group.py,funcao,_get_cluster_statistics,0,0,0,0,0,0,0,0,0,0,0,0
cleanlab/datalab/internal/issue_manager/underperforming_group.py,funcao,_set_threshold,1,2,1,2,3,3,2.0,4.7549,0.5,2.3774,0.1321,0.0016
cleanlab/datalab/internal/issue_manager/multilabel/label.py,funcao,__init__,0,0,0,0,0,0,0,0,0,0,0,0
cleanlab/datalab/internal/issue_manager/multilabel/label.py,funcao,_process_find_label_issues_kwargs,3,6,3,6,9,9,20.2647,28.5293,1.5,42.794,2.3774,0.0095
cleanlab/datalab/internal/issue_manager/multilabel/label.py,funcao,_process_get_label_quality_scores_kwargs,3,6,3,6,9,9,20.2647,28.5293,1.5,42.794,2.3774,0.0095
cleanlab/datalab/internal/issue_manager/multilabel/label.py,funcao,find_issues,1,2,1,2,3,3,2.0,4.7549,0.5,2.3774,0.1321,0.0016
cleanlab/datalab/internal/issue_manager/multilabel/label.py,funcao,collect_info,0,0,0,0,0,0,0,0,0,0,0,0
cleanlab/datalab/internal/issue_manager/regression/label.py,funcao,__init__,2,5,3,6,7,9,13.6096,25.2662,1.2,30.3194,1.6844,0.0084
cleanlab/datalab/internal/issue_manager/regression/label.py,funcao,find_issues,5,11,12,23,16,35,49.6634,140.0,5.2273,731.8182,40.6566,0.0467
cleanlab/datalab/internal/issue_manager/regression/label.py,funcao,collect_info,0,0,0,0,0,0,0,0,0,0,0,0
cleanlab/datalab/internal/issue_manager/regression/label.py,funcao,find_issues_with_predictions,3,6,3,6,9,9,20.2647,28.5293,1.5,42.794,2.3774,0.0095
cleanlab/datalab/internal/issue_manager/regression/label.py,funcao,find_issues_with_features,3,6,3,6,9,9,20.2647,28.5293,1.5,42.794,2.3774,0.0095
cleanlab/experimental/cifar_cnn.py,funcao,call_bn,0,0,0,0,0,0,0,0,0,0,0,0
cleanlab/experimental/cifar_cnn.py,funcao,__init__,0,0,0,0,0,0,0,0,0,0,0,0
cleanlab/experimental/cifar_cnn.py,funcao,forward,0,0,0,0,0,0,0,0,0,0,0,0
cleanlab/experimental/coteaching.py,funcao,loss_coteaching,3,7,4,8,10,12,24.4064,39.8631,1.7143,68.3368,3.7965,0.0133
cleanlab/experimental/coteaching.py,funcao,initialize_lr_scheduler,3,9,6,12,12,18,33.2842,64.5293,2.0,129.0587,7.1699,0.0215
cleanlab/experimental/coteaching.py,funcao,adjust_learning_rate,0,0,0,0,0,0,0,0,0,0,0,0
cleanlab/experimental/coteaching.py,funcao,forget_rate_scheduler,2,3,2,4,5,6,6.7549,13.9316,1.3333,18.5754,1.032,0.0046
cleanlab/experimental/coteaching.py,funcao,train,8,27,17,34,35,51,152.382,261.5934,5.037,1317.6558,73.2031,0.0872
cleanlab/experimental/coteaching.py,funcao,evaluate,4,18,10,20,22,30,83.0587,133.7829,2.2222,297.2954,16.5164,0.0446
cleanlab/experimental/label_issues_batched.py,funcao,find_label_issues_batched,6,12,14,26,18,40,58.5293,166.797,6.5,1084.1805,60.2323,0.0556
cleanlab/experimental/label_issues_batched.py,funcao,__init__,6,12,9,18,18,27,58.5293,112.588,4.5,506.6459,28.147,0.0375
cleanlab/experimental/label_issues_batched.py,funcao,get_confident_thresholds,3,5,3,5,8,8,16.3645,24.0,1.5,36.0,2.0,0.008
cleanlab/experimental/label_issues_batched.py,funcao,get_num_issues,5,9,5,9,14,14,40.139,53.303,2.5,133.2574,7.4032,0.0178
cleanlab/experimental/label_issues_batched.py,funcao,get_quality_scores,1,1,1,1,2,2,0,2.0,0.5,1.0,0.0556,0.0007
cleanlab/experimental/label_issues_batched.py,funcao,get_label_issues,2,3,2,3,5,5,6.7549,11.6096,1.0,11.6096,0.645,0.0039
cleanlab/experimental/label_issues_batched.py,funcao,update_confident_thresholds,3,10,7,14,13,21,37.9742,77.7092,2.1,163.1894,9.0661,0.0259
cleanlab/experimental/label_issues_batched.py,funcao,score_label_quality,1,4,2,4,5,6,8.0,13.9316,0.5,6.9658,0.387,0.0046
cleanlab/experimental/label_issues_batched.py,funcao,_update_num_label_issues,11,41,32,61,52,93,257.7134,530.1409,8.1829,4338.1041,241.0058,0.1767
cleanlab/experimental/label_issues_batched.py,funcao,split_arr,0,0,0,0,0,0,0,0,0,0,0,0
cleanlab/experimental/label_issues_batched.py,funcao,_compute_num_issues,5,17,12,22,22,34,81.0965,151.6207,3.2353,490.5375,27.2521,0.0505
cleanlab/experimental/label_issues_batched.py,funcao,_compute_num_issues_calibrated,5,14,10,18,19,28,64.9126,118.942,3.2143,382.3135,21.2396,0.0396
cleanlab/experimental/label_issues_batched.py,funcao,_batch_check,1,4,2,4,5,6,8.0,13.9316,0.5,6.9658,0.387,0.0046
cleanlab/experimental/mnist_pytorch.py,funcao,get_mnist_dataset,1,2,1,2,3,3,2.0,4.7549,0.5,2.3774,0.1321,0.0016
cleanlab/experimental/mnist_pytorch.py,funcao,get_sklearn_digits_dataset,2,4,6,8,6,14,10.0,36.1895,2.0,72.379,4.0211,0.0121
cleanlab/experimental/mnist_pytorch.py,funcao,__init__,3,5,3,5,8,8,16.3645,24.0,1.5,36.0,2.0,0.008
cleanlab/experimental/mnist_pytorch.py,funcao,forward,1,1,1,1,2,2,0,2.0,0.5,1.0,0.0556,0.0007
cleanlab/experimental/mnist_pytorch.py,funcao,_set_dataset,1,3,2,4,4,6,4.7549,12.0,0.6667,8.0,0.4444,0.004
cleanlab/experimental/mnist_pytorch.py,funcao,get_params,0,0,0,0,0,0,0,0,0,0,0,0
cleanlab/experimental/mnist_pytorch.py,funcao,set_params,2,3,2,4,5,6,6.7549,13.9316,1.3333,18.5754,1.032,0.0046
cleanlab/experimental/mnist_pytorch.py,funcao,fit,9,24,17,34,33,51,138.5684,257.2641,6.375,1640.0586,91.1144,0.0858
cleanlab/experimental/mnist_pytorch.py,funcao,predict,0,0,0,0,0,0,0,0,0,0,0,0
cleanlab/experimental/mnist_pytorch.py,funcao,predict_proba,6,21,15,31,27,46,107.7484,218.7248,4.4286,968.6385,53.8133,0.0729
cleanlab/experimental/span_classification.py,funcao,find_label_issues,0,0,0,0,0,0,0,0,0,0,0,0
cleanlab/experimental/span_classification.py,funcao,display_issues,0,0,0,0,0,0,0,0,0,0,0,0
cleanlab/experimental/span_classification.py,funcao,get_label_quality_scores,0,0,0,0,0,0,0,0,0,0,0,0
cleanlab/experimental/span_classification.py,funcao,_get_pred_prob_token,1,2,1,2,3,3,2.0,4.7549,0.5,2.3774,0.1321,0.0016
cleanlab/internal/label_quality_utils.py,funcao,_subtract_confident_thresholds,4,7,5,10,11,15,27.6515,51.8915,2.8571,148.2614,8.2367,0.0173
cleanlab/internal/label_quality_utils.py,funcao,get_normalized_entropy,6,10,6,11,16,17,48.7291,68.0,3.3,224.4,12.4667,0.0227
cleanlab/internal/latent_algebra.py,funcao,compute_ps_py_inv_noise_matrix,1,2,1,2,3,3,2.0,4.7549,0.5,2.3774,0.1321,0.0016
cleanlab/internal/latent_algebra.py,funcao,compute_py_inv_noise_matrix,0,0,0,0,0,0,0,0,0,0,0,0
cleanlab/internal/latent_algebra.py,funcao,compute_inv_noise_matrix,3,6,3,6,9,9,20.2647,28.5293,1.5,42.794,2.3774,0.0095
cleanlab/internal/latent_algebra.py,funcao,compute_noise_matrix_from_inverse,3,6,3,6,9,9,20.2647,28.5293,1.5,42.794,2.3774,0.0095
cleanlab/internal/latent_algebra.py,funcao,compute_py,9,31,19,38,40,57,182.1094,303.3499,5.5161,1673.3172,92.9621,0.1011
cleanlab/internal/latent_algebra.py,funcao,compute_pyx,4,10,5,10,14,15,41.2193,57.1103,2.0,114.2206,6.3456,0.019
cleanlab/internal/multiannotator_utils.py,funcao,assert_valid_inputs_multiannotator,10,29,23,41,39,64,174.1007,338.2657,7.069,2391.1889,132.8438,0.1128
cleanlab/internal/multiannotator_utils.py,funcao,assert_valid_pred_probs,7,25,31,58,32,89,135.7479,445.0,8.12,3613.4,200.7444,0.1483
cleanlab/internal/multiannotator_utils.py,funcao,format_multiannotator_labels,4,10,7,13,14,20,41.2193,76.1471,2.6,197.9825,10.999,0.0254
cleanlab/internal/multiannotator_utils.py,funcao,check_consensus_label_classes,3,5,3,5,8,8,16.3645,24.0,1.5,36.0,2.0,0.008
cleanlab/internal/multiannotator_utils.py,funcao,compute_soft_cross_entropy,4,8,5,8,12,13,32.0,46.6045,2.0,93.209,5.1783,0.0155
cleanlab/internal/multiannotator_utils.py,funcao,find_best_temp_scaler,2,3,2,3,5,5,6.7549,11.6096,1.0,11.6096,0.645,0.0039
cleanlab/internal/multiannotator_utils.py,funcao,_set_fine_search_range,3,6,6,12,9,18,20.2647,57.0587,3.0,171.176,9.5098,0.019
cleanlab/internal/multiannotator_utils.py,funcao,temp_scale_pred_probs,1,4,2,4,5,6,8.0,13.9316,0.5,6.9658,0.387,0.0046
cleanlab/internal/multilabel_scorer.py,funcao,__init__,1,1,1,1,2,2,0,2.0,0.5,1.0,0.0556,0.0007
cleanlab/internal/multilabel_scorer.py,funcao,__call__,0,0,0,0,0,0,0,0,0,0,0,0
cleanlab/internal/multilabel_scorer.py,funcao,__repr__,0,0,0,0,0,0,0,0,0,0,0,0
cleanlab/internal/multilabel_scorer.py,funcao,_adjust_pred_probs,2,4,2,4,6,6,10.0,15.5098,1.0,15.5098,0.8617,0.0052
cleanlab/internal/multilabel_scorer.py,funcao,from_str,0,0,0,0,0,0,0,0,0,0,0,0
cleanlab/internal/multilabel_scorer.py,funcao,exponential_moving_average,7,13,10,18,20,28,67.7572,121.014,4.8462,586.4524,32.5807,0.0403
cleanlab/internal/multilabel_scorer.py,funcao,softmin,1,2,1,2,3,3,2.0,4.7549,0.5,2.3774,0.1321,0.0016
cleanlab/internal/multilabel_scorer.py,funcao,_validate_method,1,1,1,1,2,2,0,2.0,0.5,1.0,0.0556,0.0007
cleanlab/internal/multilabel_scorer.py,funcao,_validate_scores,3,5,3,5,8,8,16.3645,24.0,1.5,36.0,2.0,0.008
cleanlab/internal/multilabel_scorer.py,funcao,aggregate,0,0,0,0,0,0,0,0,0,0,0,0
cleanlab/internal/multilabel_scorer.py,funcao,get_class_label_quality_scores,1,2,1,2,3,3,2.0,4.7549,0.5,2.3774,0.1321,0.0016
cleanlab/internal/multilabel_scorer.py,funcao,_validate_labels_and_pred_probs,2,3,3,4,5,7,6.7549,16.2535,1.3333,21.6713,1.204,0.0054
cleanlab/internal/multilabel_scorer.py,funcao,get_label_quality_scores,0,0,0,0,0,0,0,0,0,0,0,0
cleanlab/internal/multilabel_scorer.py,funcao,multilabel_py,3,6,3,6,9,9,20.2647,28.5293,1.5,42.794,2.3774,0.0095
cleanlab/internal/multilabel_scorer.py,funcao,_get_split_generator,0,0,0,0,0,0,0,0,0,0,0,0
cleanlab/internal/multilabel_scorer.py,funcao,get_cross_validated_multilabel_pred_probs,0,0,0,0,0,0,0,0,0,0,0,0
cleanlab/internal/multilabel_utils.py,funcao,_is_multilabel,4,8,4,8,12,12,32.0,43.0196,2.0,86.0391,4.78,0.0143
cleanlab/internal/multilabel_utils.py,funcao,stack_complement,1,2,1,2,3,3,2.0,4.7549,0.5,2.3774,0.1321,0.0016
cleanlab/internal/multilabel_utils.py,funcao,get_onehot_num_classes,0,0,0,0,0,0,0,0,0,0,0,0
cleanlab/internal/multilabel_utils.py,funcao,int2onehot,0,0,0,0,0,0,0,0,0,0,0,0
cleanlab/internal/multilabel_utils.py,funcao,onehot2int,0,0,0,0,0,0,0,0,0,0,0,0
cleanlab/internal/numerics.py,funcao,softmax,2,5,3,6,7,9,13.6096,25.2662,1.2,30.3194,1.6844,0.0084
cleanlab/internal/object_detection_utils.py,funcao,bbox_xyxy_to_xywh,2,6,3,6,8,9,17.5098,27.0,1.0,27.0,1.5,0.009
cleanlab/internal/object_detection_utils.py,funcao,softmin1d,2,3,2,3,5,5,6.7549,11.6096,1.0,11.6096,0.645,0.0039
cleanlab/internal/object_detection_utils.py,funcao,calculate_bounding_box_areas,2,6,3,6,8,9,17.5098,27.0,1.0,27.0,1.5,0.009
cleanlab/internal/object_detection_utils.py,funcao,assert_valid_aggregation_weights,3,5,3,5,8,8,16.3645,24.0,1.5,36.0,2.0,0.008
cleanlab/internal/object_detection_utils.py,funcao,assert_valid_inputs,7,16,11,19,23,30,83.6515,135.7069,4.1562,564.0316,31.3351,0.0452
cleanlab/internal/outlier.py,funcao,transform_distances_to_scores,3,5,3,5,8,8,16.3645,24.0,1.5,36.0,2.0,0.008
cleanlab/internal/outlier.py,funcao,correct_precision_errors,6,14,10,20,20,30,68.8127,129.6578,4.2857,555.6765,30.8709,0.0432
cleanlab/internal/regression_utils.py,funcao,assert_valid_prediction_inputs,2,3,2,4,5,6,6.7549,13.9316,1.3333,18.5754,1.032,0.0046
cleanlab/internal/regression_utils.py,funcao,assert_valid_regression_inputs,1,2,1,2,3,3,2.0,4.7549,0.5,2.3774,0.1321,0.0016
cleanlab/internal/regression_utils.py,funcao,check_dimension_and_datatype,2,4,3,4,6,7,10.0,18.0947,1.0,18.0947,1.0053,0.006
cleanlab/internal/regression_utils.py,funcao,check_missing_values,0,0,0,0,0,0,0,0,0,0,0,0
cleanlab/internal/segmentation_utils.py,funcao,_get_valid_optional_params,2,3,2,4,5,6,6.7549,13.9316,1.3333,18.5754,1.032,0.0046
cleanlab/internal/segmentation_utils.py,funcao,_get_summary_optional_params,1,3,2,4,4,6,4.7549,12.0,0.6667,8.0,0.4444,0.004
cleanlab/internal/segmentation_utils.py,funcao,_check_input,2,13,6,13,15,19,50.1057,74.2309,1.0,74.2309,4.1239,0.0247
cleanlab/internal/token_classification_utils.py,funcao,get_sentence,4,7,5,10,11,15,27.6515,51.8915,2.8571,148.2614,8.2367,0.0173
cleanlab/internal/token_classification_utils.py,funcao,filter_sentence,4,7,4,7,11,11,27.6515,38.0537,2.0,76.1075,4.2282,0.0127
cleanlab/internal/token_classification_utils.py,funcao,process_token,0,0,0,0,0,0,0,0,0,0,0,0
cleanlab/internal/token_classification_utils.py,funcao,mapping,0,0,0,0,0,0,0,0,0,0,0,0
cleanlab/internal/token_classification_utils.py,funcao,merge_probs,5,10,6,11,15,17,44.8289,66.4171,2.75,182.6471,10.1471,0.0221
cleanlab/internal/token_classification_utils.py,funcao,color_sentence,0,0,0,0,0,0,0,0,0,0,0,0
cleanlab/internal/token_classification_utils.py,funcao,_replace_sentence,1,2,1,2,3,3,2.0,4.7549,0.5,2.3774,0.1321,0.0016
cleanlab/internal/util.py,funcao,remove_noise_from_class,2,6,3,6,8,9,17.5098,27.0,1.0,27.0,1.5,0.009
cleanlab/internal/util.py,funcao,clip_noise_rates,1,2,1,2,3,3,2.0,4.7549,0.5,2.3774,0.1321,0.0016
cleanlab/internal/util.py,funcao,clip_values,4,8,4,8,12,12,32.0,43.0196,2.0,86.0391,4.78,0.0143
cleanlab/internal/util.py,funcao,value_counts,5,8,5,10,13,15,35.6096,55.5066,3.125,173.4581,9.6366,0.0185
cleanlab/internal/util.py,funcao,value_counts_fill_missing_classes,0,0,0,0,0,0,0,0,0,0,0,0
cleanlab/internal/util.py,funcao,get_missing_classes,3,7,7,14,10,21,24.4064,69.7605,3.0,209.2815,11.6267,0.0233
cleanlab/internal/util.py,funcao,round_preserving_sum,5,11,8,14,16,22,49.6634,88.0,3.1818,280.0,15.5556,0.0293
cleanlab/internal/util.py,funcao,round_preserving_row_totals,0,0,0,0,0,0,0,0,0,0,0,0
cleanlab/internal/util.py,funcao,estimate_pu_f1,7,17,10,20,24,30,89.1384,137.5489,4.1176,566.3777,31.4654,0.0458
cleanlab/internal/util.py,funcao,confusion_matrix,2,4,2,4,6,6,10.0,15.5098,1.0,15.5098,0.8617,0.0052
cleanlab/internal/util.py,funcao,print_square_matrix,3,21,11,22,24,33,96.9936,151.3038,1.5714,237.7631,13.2091,0.0504
cleanlab/internal/util.py,funcao,print_noise_matrix,0,0,0,0,0,0,0,0,0,0,0,0
cleanlab/internal/util.py,funcao,print_inverse_noise_matrix,0,0,0,0,0,0,0,0,0,0,0,0
cleanlab/internal/util.py,funcao,print_joint_matrix,0,0,0,0,0,0,0,0,0,0,0,0
cleanlab/internal/util.py,funcao,compress_int_array,2,4,3,6,6,9,10.0,23.2647,1.5,34.897,1.9387,0.0078
cleanlab/internal/util.py,funcao,train_val_split,1,1,2,2,2,4,0,4.0,1.0,4.0,0.2222,0.0013
cleanlab/internal/util.py,funcao,subset_X_y,0,0,0,0,0,0,0,0,0,0,0,0
cleanlab/internal/util.py,funcao,subset_labels,0,0,0,0,0,0,0,0,0,0,0,0
cleanlab/internal/util.py,funcao,subset_data,0,0,0,0,0,0,0,0,0,0,0,0
cleanlab/internal/util.py,funcao,is_torch_dataset,0,0,0,0,0,0,0,0,0,0,0,0
cleanlab/internal/util.py,funcao,csr_vstack,1,4,2,4,5,6,8.0,13.9316,0.5,6.9658,0.387,0.0046
cleanlab/internal/util.py,funcao,append_extra_datapoint,2,3,2,3,5,5,6.7549,11.6096,1.0,11.6096,0.645,0.0039
cleanlab/internal/util.py,funcao,get_num_classes,3,6,4,8,9,12,20.2647,38.0391,2.0,76.0782,4.2266,0.0127
cleanlab/internal/util.py,funcao,num_unique_classes,0,0,0,0,0,0,0,0,0,0,0,0
cleanlab/internal/util.py,funcao,get_unique_classes,1,2,1,2,3,3,2.0,4.7549,0.5,2.3774,0.1321,0.0016
cleanlab/internal/util.py,funcao,format_labels,1,2,1,2,3,3,2.0,4.7549,0.5,2.3774,0.1321,0.0016
cleanlab/internal/util.py,funcao,smart_display_dataframe,0,0,0,0,0,0,0,0,0,0,0,0
cleanlab/internal/util.py,funcao,force_two_dimensions,4,7,4,7,11,11,27.6515,38.0537,2.0,76.1075,4.2282,0.0127
cleanlab/internal/validation.py,funcao,assert_valid_inputs,10,31,24,40,41,64,186.7994,342.8833,6.4516,2212.1505,122.8973,0.1143
cleanlab/internal/validation.py,funcao,assert_valid_class_labels,5,16,10,17,21,27,75.6096,118.5926,2.6562,315.0115,17.5006,0.0395
cleanlab/internal/validation.py,funcao,assert_nonempty_input,1,2,1,2,3,3,2.0,4.7549,0.5,2.3774,0.1321,0.0016
cleanlab/internal/validation.py,funcao,assert_indexing_works,4,8,7,12,12,19,32.0,68.1143,3.0,204.3429,11.3524,0.0227
cleanlab/internal/validation.py,funcao,labels_to_array,1,2,1,2,3,3,2.0,4.7549,0.5,2.3774,0.1321,0.0016
cleanlab/internal/validation.py,funcao,labels_to_list_multilabel,1,2,2,2,3,4,2.0,6.3399,0.5,3.1699,0.1761,0.0021
cleanlab/internal/neighbor/knn_graph.py,funcao,features_to_knn,2,4,2,4,6,6,10.0,15.5098,1.0,15.5098,0.8617,0.0052
cleanlab/internal/neighbor/knn_graph.py,funcao,construct_knn_graph_from_index,4,6,5,8,10,13,23.5098,43.1851,2.6667,115.1602,6.3978,0.0144
cleanlab/internal/neighbor/knn_graph.py,funcao,create_knn_graph_and_index,1,2,1,2,3,3,2.0,4.7549,0.5,2.3774,0.1321,0.0016
cleanlab/internal/neighbor/knn_graph.py,funcao,correct_knn_graph,1,1,4,4,2,8,0,8.0,2.0,16.0,0.8889,0.0027
cleanlab/internal/neighbor/knn_graph.py,funcao,_compute_exact_duplicate_sets,2,4,2,4,6,6,10.0,15.5098,1.0,15.5098,0.8617,0.0052
cleanlab/internal/neighbor/knn_graph.py,funcao,correct_knn_distances_and_indices_with_exact_duplicate_sets_inplace,5,8,11,18,13,29,35.6096,107.3128,5.625,603.6342,33.5352,0.0358
cleanlab/internal/neighbor/knn_graph.py,funcao,_prepare_neighborhood_of_first_k_duplicates,1,2,1,2,3,3,2.0,4.7549,0.5,2.3774,0.1321,0.0016
cleanlab/internal/neighbor/knn_graph.py,funcao,correct_knn_distances_and_indices,1,2,1,2,3,3,2.0,4.7549,0.5,2.3774,0.1321,0.0016
cleanlab/internal/neighbor/knn_graph.py,funcao,_configure_num_neighbors,5,7,5,10,12,15,31.2611,53.7744,3.5714,192.0516,10.6695,0.0179
cleanlab/internal/neighbor/metric.py,funcao,_euclidean_large_dataset,0,0,0,0,0,0,0,0,0,0,0,0
cleanlab/internal/neighbor/metric.py,funcao,_euclidean_small_dataset,0,0,0,0,0,0,0,0,0,0,0,0
cleanlab/internal/neighbor/metric.py,funcao,_cosine_metric,0,0,0,0,0,0,0,0,0,0,0,0
cleanlab/internal/neighbor/metric.py,funcao,decide_euclidean_metric,1,2,1,2,3,3,2.0,4.7549,0.5,2.3774,0.1321,0.0016
cleanlab/internal/neighbor/metric.py,funcao,decide_default_metric,1,2,1,2,3,3,2.0,4.7549,0.5,2.3774,0.1321,0.0016
cleanlab/internal/neighbor/search.py,funcao,construct_knn,0,0,0,0,0,0,0,0,0,0,0,0
cleanlab/multilabel_classification/dataset.py,funcao,common_multilabel_issues,3,8,6,12,11,18,28.7549,62.2698,2.25,140.107,7.7837,0.0208
cleanlab/multilabel_classification/dataset.py,funcao,rank_classes_by_multilabel_quality,4,7,6,12,11,18,27.6515,62.2698,3.4286,213.4964,11.8609,0.0208
cleanlab/multilabel_classification/dataset.py,funcao,_get_num_examples_multilabel,3,5,4,8,8,12,16.3645,36.0,2.4,86.4,4.8,0.012
cleanlab/multilabel_classification/dataset.py,funcao,overall_multilabel_health_score,2,4,2,4,6,6,10.0,15.5098,1.0,15.5098,0.8617,0.0052
cleanlab/multilabel_classification/dataset.py,funcao,multilabel_health_summary,4,32,20,40,36,60,168.0,310.1955,2.5,775.4888,43.0827,0.1034
cleanlab/multilabel_classification/filter.py,funcao,find_label_issues,2,4,2,4,6,6,10.0,15.5098,1.0,15.5098,0.8617,0.0052
cleanlab/multilabel_classification/filter.py,funcao,find_multilabel_issues_per_class,6,10,11,21,16,32,48.7291,128.0,6.3,806.4,44.8,0.0427
cleanlab/multilabel_classification/rank.py,funcao,_labels_to_binary,0,0,0,0,0,0,0,0,0,0,0,0
cleanlab/multilabel_classification/rank.py,funcao,_create_multilabel_scorer,0,0,0,0,0,0,0,0,0,0,0,0
cleanlab/multilabel_classification/rank.py,funcao,get_label_quality_scores,0,0,0,0,0,0,0,0,0,0,0,0
cleanlab/multilabel_classification/rank.py,funcao,get_label_quality_scores_per_class,0,0,0,0,0,0,0,0,0,0,0,0
cleanlab/object_detection/filter.py,funcao,find_label_issues,0,0,0,0,0,0,0,0,0,0,0,0
cleanlab/object_detection/filter.py,funcao,_find_label_issues,4,10,6,11,14,17,41.2193,64.725,2.2,142.3951,7.9108,0.0216
cleanlab/object_detection/filter.py,funcao,_find_label_issues_per_box,3,6,3,6,9,9,20.2647,28.5293,1.5,42.794,2.3774,0.0095
cleanlab/object_detection/filter.py,funcao,_pool_box_scores_per_image,1,2,1,2,3,3,2.0,4.7549,0.5,2.3774,0.1321,0.0016
cleanlab/object_detection/filter.py,funcao,_process_class_list,0,0,0,0,0,0,0,0,0,0,0,0
cleanlab/object_detection/filter.py,funcao,_calculate_ap_per_class,4,9,9,16,13,25,36.5293,92.511,3.5556,328.928,18.2738,0.0308
cleanlab/object_detection/filter.py,funcao,_filter_by_class,1,2,1,2,3,3,2.0,4.7549,0.5,2.3774,0.1321,0.0016
cleanlab/object_detection/filter.py,funcao,_calculate_true_positives_false_positives,4,8,6,8,12,14,32.0,50.1895,2.0,100.379,5.5766,0.0167
cleanlab/object_detection/filter.py,funcao,_calculate_average_precision,5,10,10,18,15,28,44.8289,109.3929,4.5,492.2682,27.3482,0.0365
cleanlab/object_detection/filter.py,funcao,_get_per_class_ap,4,8,4,8,12,12,32.0,43.0196,2.0,86.0391,4.78,0.0143
cleanlab/object_detection/rank.py,funcao,get_label_quality_scores,0,0,0,0,0,0,0,0,0,0,0,0
cleanlab/object_detection/rank.py,funcao,issues_from_scores,2,3,2,4,5,6,6.7549,13.9316,1.3333,18.5754,1.032,0.0046
cleanlab/object_detection/rank.py,funcao,_compute_label_quality_scores,6,10,6,12,16,18,48.7291,72.0,3.6,259.2,14.4,0.024
cleanlab/object_detection/rank.py,funcao,_get_min_pred_prob,1,1,1,1,2,2,0,2.0,0.5,1.0,0.0556,0.0007
cleanlab/object_detection/rank.py,funcao,_prune_by_threshold,8,12,10,19,20,29,67.0196,125.3359,6.3333,793.7941,44.0997,0.0418
cleanlab/object_detection/rank.py,funcao,_separate_label,0,0,0,0,0,0,0,0,0,0,0,0
cleanlab/object_detection/rank.py,funcao,_separate_prediction_all_preds,0,0,0,0,0,0,0,0,0,0,0,0
cleanlab/object_detection/rank.py,funcao,_separate_prediction_single_box,2,3,2,3,5,5,6.7549,11.6096,1.0,11.6096,0.645,0.0039
cleanlab/object_detection/rank.py,funcao,_get_prediction_type,2,9,4,9,11,13,30.5293,44.9726,1.0,44.9726,2.4985,0.015
cleanlab/object_detection/rank.py,funcao,_separate_prediction,1,2,1,2,3,3,2.0,4.7549,0.5,2.3774,0.1321,0.0016
cleanlab/object_detection/rank.py,funcao,_mod_coordinates,0,0,0,0,0,0,0,0,0,0,0,0
cleanlab/object_detection/rank.py,funcao,_get_overlap,0,0,0,0,0,0,0,0,0,0,0,0
cleanlab/object_detection/rank.py,funcao,_get_overlap_matrix,0,0,0,0,0,0,0,0,0,0,0,0
cleanlab/object_detection/rank.py,funcao,_get_iou,6,25,15,30,31,45,131.6062,222.9388,3.6,802.5798,44.5878,0.0743
cleanlab/object_detection/rank.py,funcao,_has_overlap,2,6,3,6,8,9,17.5098,27.0,1.0,27.0,1.5,0.009
cleanlab/object_detection/rank.py,funcao,_euc_dis,5,18,11,21,23,32,86.6683,144.754,2.9167,422.1991,23.4555,0.0483
cleanlab/object_detection/rank.py,funcao,_get_dist_matrix,0,0,0,0,0,0,0,0,0,0,0,0
cleanlab/object_detection/rank.py,funcao,_get_min_possible_similarity,4,11,7,14,15,21,46.0537,82.0447,2.5455,208.8411,11.6023,0.0273
cleanlab/object_detection/rank.py,funcao,_get_valid_inputs_for_compute_scores_per_image,6,26,19,39,32,58,137.7212,290.0,4.5,1305.0,72.5,0.0967
cleanlab/object_detection/rank.py,funcao,_get_valid_inputs_for_compute_scores,2,5,3,6,7,9,13.6096,25.2662,1.2,30.3194,1.6844,0.0084
cleanlab/object_detection/rank.py,funcao,_get_valid_score,2,3,2,3,5,5,6.7549,11.6096,1.0,11.6096,0.645,0.0039
cleanlab/object_detection/rank.py,funcao,_get_valid_subtype_score_params,1,5,4,8,6,12,11.6096,31.0196,0.8,24.8156,1.3786,0.0103
cleanlab/object_detection/rank.py,funcao,_get_aggregation_weights,1,2,1,2,3,3,2.0,4.7549,0.5,2.3774,0.1321,0.0016
cleanlab/object_detection/rank.py,funcao,_compute_overlooked_box_scores_for_image,6,13,7,14,19,21,63.6155,89.2065,3.2308,288.2055,16.0114,0.0297
cleanlab/object_detection/rank.py,funcao,compute_overlooked_box_scores,1,2,1,2,3,3,2.0,4.7549,0.5,2.3774,0.1321,0.0016
cleanlab/object_detection/rank.py,funcao,_compute_badloc_box_scores_for_image,4,11,9,18,15,27,46.0537,105.486,3.2727,345.2271,19.1793,0.0352
cleanlab/object_detection/rank.py,funcao,compute_badloc_box_scores,1,2,1,2,3,3,2.0,4.7549,0.5,2.3774,0.1321,0.0016
cleanlab/object_detection/rank.py,funcao,_compute_swap_box_scores_for_image,7,13,7,14,20,21,67.7572,90.7605,3.7692,342.0972,19.0054,0.0303
cleanlab/object_detection/rank.py,funcao,compute_swap_box_scores,1,2,1,2,3,3,2.0,4.7549,0.5,2.3774,0.1321,0.0016
cleanlab/object_detection/rank.py,funcao,pool_box_scores_per_image,0,0,0,0,0,0,0,0,0,0,0,0
cleanlab/object_detection/rank.py,funcao,_get_subtype_label_quality_scores,2,14,8,16,16,24,55.303,96.0,1.1429,109.7143,6.0952,0.032
cleanlab/object_detection/summary.py,funcao,object_counts_per_image,1,2,1,2,3,3,2.0,4.7549,0.5,2.3774,0.1321,0.0016
cleanlab/object_detection/summary.py,funcao,bounding_box_size_distribution,2,4,3,4,6,7,10.0,18.0947,1.0,18.0947,1.0053,0.006
cleanlab/object_detection/summary.py,funcao,class_label_distribution,1,2,1,2,3,3,2.0,4.7549,0.5,2.3774,0.1321,0.0016
cleanlab/object_detection/summary.py,funcao,get_sorted_bbox_count_idxs,0,0,0,0,0,0,0,0,0,0,0,0
cleanlab/object_detection/summary.py,funcao,plot_class_size_distributions,3,4,3,6,7,9,12.7549,25.2662,2.25,56.8489,3.1583,0.0084
cleanlab/object_detection/summary.py,funcao,plot_class_distribution,1,2,1,2,3,3,2.0,4.7549,0.5,2.3774,0.1321,0.0016
cleanlab/object_detection/summary.py,funcao,visualize,7,14,17,32,21,49,72.9545,215.2236,8.0,1721.7884,95.6549,0.0717
cleanlab/object_detection/summary.py,funcao,_get_per_class_confusion_matrix_dict_,1,6,3,6,7,9,15.5098,25.2662,0.5,12.6331,0.7018,0.0084
cleanlab/object_detection/summary.py,funcao,_sort_dict_to_list,0,0,0,0,0,0,0,0,0,0,0,0
cleanlab/object_detection/summary.py,funcao,get_average_per_class_confusion_matrix,5,20,11,22,25,33,98.0482,153.2473,2.75,421.4299,23.4128,0.0511
cleanlab/object_detection/summary.py,funcao,calculate_per_class_metrics,3,15,11,22,18,33,63.3582,137.6075,2.2,302.7366,16.8187,0.0459
cleanlab/object_detection/summary.py,funcao,_normalize_by_total,2,4,2,4,6,6,10.0,15.5098,1.0,15.5098,0.8617,0.0052
cleanlab/object_detection/summary.py,funcao,_get_bbox_areas,4,9,5,10,13,15,36.5293,55.5066,2.2222,123.348,6.8527,0.0185
cleanlab/object_detection/summary.py,funcao,_get_class_instances,2,4,2,4,6,6,10.0,15.5098,1.0,15.5098,0.8617,0.0052
cleanlab/object_detection/summary.py,funcao,_plot_legend,3,17,13,26,20,39,74.2418,168.5552,2.2941,386.6854,21.4825,0.0562
cleanlab/object_detection/summary.py,funcao,_draw_labels,3,8,5,10,11,15,28.7549,51.8915,1.875,97.2965,5.4054,0.0173
cleanlab/object_detection/summary.py,funcao,_draw_boxes,1,2,1,2,3,3,2.0,4.7549,0.5,2.3774,0.1321,0.0016
cleanlab/regression/learn.py,funcao,__init__,4,9,6,10,13,16,36.5293,59.207,2.2222,131.5712,7.3095,0.0197
cleanlab/regression/learn.py,funcao,fit,7,14,14,28,21,42,72.9545,184.4773,7.0,1291.3413,71.7412,0.0615
cleanlab/regression/learn.py,funcao,predict,0,0,0,0,0,0,0,0,0,0,0,0
cleanlab/regression/learn.py,funcao,score,1,2,1,2,3,3,2.0,4.7549,0.5,2.3774,0.1321,0.0016
cleanlab/regression/learn.py,funcao,find_label_issues,12,28,17,32,40,49,177.6255,260.7745,6.8571,1788.1678,99.3427,0.0869
cleanlab/regression/learn.py,funcao,get_label_issues,1,2,1,2,3,3,2.0,4.7549,0.5,2.3774,0.1321,0.0016
cleanlab/regression/learn.py,funcao,get_epistemic_uncertainty,3,5,3,5,8,8,16.3645,24.0,1.5,36.0,2.0,0.008
cleanlab/regression/learn.py,funcao,get_aleatoric_uncertainty,0,0,0,0,0,0,0,0,0,0,0,0
cleanlab/regression/learn.py,funcao,save_space,2,4,2,4,6,6,10.0,15.5098,1.0,15.5098,0.8617,0.0052
cleanlab/regression/learn.py,funcao,_get_cv_predictions,8,12,14,26,20,40,67.0196,172.8771,8.6667,1498.2684,83.2371,0.0576
cleanlab/regression/learn.py,funcao,_find_best_k,8,20,23,44,28,67,110.4386,322.0928,8.8,2834.4165,157.4676,0.1074
cleanlab/regression/learn.py,funcao,_process_label_issues_arg,5,12,7,14,17,21,54.6292,85.8367,2.9167,250.3571,13.9087,0.0286
cleanlab/regression/rank.py,funcao,get_label_quality_scores,1,1,1,1,2,2,0,2.0,0.5,1.0,0.0556,0.0007
cleanlab/regression/rank.py,funcao,_get_residual_score_for_each_label,2,3,2,3,5,5,6.7549,11.6096,1.0,11.6096,0.645,0.0039
cleanlab/regression/rank.py,funcao,_get_outre_score_for_each_label,5,18,10,20,23,30,86.6683,135.7069,2.7778,376.9635,20.9424,0.0452
cleanlab/segmentation/filter.py,funcao,find_label_issues,10,29,27,53,39,80,174.1007,422.8322,9.1379,3863.8113,214.6562,0.1409
cleanlab/segmentation/filter.py,funcao,_get_indexes_from_ranked_issues,3,4,3,6,7,9,12.7549,25.2662,2.25,56.8489,3.1583,0.0084
cleanlab/segmentation/rank.py,funcao,get_label_quality_scores,3,7,4,8,10,12,24.4064,39.8631,1.7143,68.3368,3.7965,0.0133
cleanlab/segmentation/rank.py,funcao,issues_from_scores,6,10,8,17,16,25,48.7291,100.0,5.1,510.0,28.3333,0.0333
cleanlab/segmentation/rank.py,funcao,_get_label_quality_per_image,4,12,8,16,16,24,51.0196,96.0,2.6667,256.0,14.2222,0.032
cleanlab/segmentation/summary.py,funcao,display_issues,12,33,31,60,45,91,209.4846,499.7586,10.9091,5451.9123,302.884,0.1666
cleanlab/segmentation/summary.py,funcao,common_label_issues,6,13,7,14,19,21,63.6155,89.2065,3.2308,288.2055,16.0114,0.0297
cleanlab/segmentation/summary.py,funcao,filter_by_class,2,5,3,6,7,9,13.6096,25.2662,1.2,30.3194,1.6844,0.0084
cleanlab/segmentation/summary.py,funcao,_generate_colormap,6,18,13,23,24,36,90.5684,165.0587,3.8333,632.7248,35.1514,0.055
cleanlab/token_classification/filter.py,funcao,find_label_issues,0,0,0,0,0,0,0,0,0,0,0,0
cleanlab/token_classification/rank.py,funcao,get_label_quality_scores,3,6,4,8,9,12,20.2647,38.0391,2.0,76.0782,4.2266,0.0127
cleanlab/token_classification/rank.py,funcao,issues_from_scores,3,8,5,10,11,15,28.7549,51.8915,1.875,97.2965,5.4054,0.0173
cleanlab/token_classification/rank.py,funcao,_softmin_sentence_score,2,5,3,6,7,9,13.6096,25.2662,1.2,30.3194,1.6844,0.0084
cleanlab/token_classification/summary.py,funcao,display_issues,6,12,15,27,18,42,58.5293,175.1369,6.75,1182.1737,65.6763,0.0584
cleanlab/token_classification/summary.py,funcao,common_label_issues,9,17,17,27,26,44,98.0162,206.8193,7.1471,1478.15,82.1194,0.0689
cleanlab/token_classification/summary.py,funcao,filter_by_token,1,2,1,2,3,3,2.0,4.7549,0.5,2.3774,0.1321,0.0016
